Workbook
Name ABJ: 10^9
Name ABW: " अब्ज "
Name Demand: 'न.८ साठीचे दर'!$A$10:$C$18
Name GPA: 'नमुना ८'!$T$11:$T$639
Name HZR: 10^3
Name HZW: " हजार "
Name KTI: 10^7
Name KTW: " कोटी "
Name LKS: 10^5
Name LKW: " लक्ष "
Name LMT: अकरा अंकी संख्यापर्यंत फक्त
Name Name: 'नमुना ८'!$E$11:$E$639
Name Namuna8: 'नमुना ८'!$A$10:$AD$666
Name NamunaNo8: 'नमुना ८'!$A$9:$AD$666
Name Rate: 'न.८ साठीचे दर'!$A$3:$B$7
Name RateB: 'न.८ साठीचे दर'!$A$3:$E$7
Name SHE: "शे "
Name SNT: 'नमुना ८'!$U$11:$U$639
Name STK: "शंभर"
Name WST: 'नमुना ८'!$W$11:$W$639
Name ZRO: "शून्य"

Sheet मुख्य पान 
E2: बळसाणे | I2: साक्री | M2: धुळे

Sheet अंदाजपत्रक 
A2: जमा | H2: खर्च
A3: जमा लेखा शिर्ष | D3: २०२०/२०२१या वर्षासाठी पंचायतीची अंदाजित प्राप्ती | E3: २०१९/२०२० चालु वर्षासाठी मंजूर केलेली अंदाजित प्राप्ती | F3: २०१८/ २०१९ मागील वर्षी मिळालेली प्रत्यक्ष रक्कम | G3: २०१७/ २०१८गतपूर्व वर्षात वर्षात मिळालेली प्रत्यक्ष रक्कम | H3: खर्च लेखा शिर्ष | K3: २०२०/२०२१ या वर्षासाठी पंचायतीची अंदाजित खर्च | L3: २०१९/२०२० चालु वर्षासाठी मंजूर केलेली खर्चाची अंदाजित रक्कम | M3: २०१८/२०१९ मागील वर्षी मिळालेली प्रत्यक्ष खर्च | N3: २०१७/२०१८ गत पूर्व वर्षी मिळालेली प्रत्यक्ष खर्च
B4: 1 | D4: 2 | E4: 3 | F4: 4 | G4: 5 | I4: 6 | K4: 7 | L4: 8 | M4: 9 | N4: 10
A5: ( एक ) | B5: ग्रामनिधी जमा | H5: ( एक ) | I5: ग्रामनिधीतून खर्च
A6: ( एक ) | B6: ( अ ) कर | H6: 1 | I6: सरपंच मानधन | J6: २५१५-१०३-०५
A7: 1 | B7: मालमत्ता कर, जमिनी व इमारती यावरील कर | H7: 2 | I7: सदस्य बैठक भत्ता | J7: १६०१-१०२-२०५३-१०४२-३१
B8: निवासी इमारतीवरील कर | C8: ००३५-१०१ | H8: 3 | I8: सदस्य / सरपंच प्रवास भत्ता | J8: २५१५-१०३-११
B9: अनिवासी इमारती, खुल्या ( अकृषक ) जागेवरील कर | C9: ००३५-१०२ | H9: 4 | I9: कर्मचारी वेतन | J9: २५१५-१०३-०१
A10: 2 | B10: दिवाबत्ती | C10: ००४४-१०१ | H10: 5 | I10: कर्मचारी प्रवास भत्ता | J10: २५१५-१०३-A११
A11: 3 | B11: स्वच्छता कर | C11: ०२१५-१०३ | H11: 6 | I11: कार्यालयीन खर्च | J11: २५१५-१०३-१३
A12: 4 | B12: दुकाने, लघु उद्योग व हॉटेल चालविणे यावरील कर | C12: ००२८-१०२ | H12: 7 | I12: दुरुस्ती व देखभाल | J12: २०५९-१०१-२७
A13: 5 | B13: यात्रा कर | C13: ००४२-१०३ | H13: 8 | I13: स्वच्छता | J13: 2215
A14: 6 | B14: जत्रा, उत्सव व इतर मनोरंजन कर | H14: 9 | I14: पाणी पुरवठा
B15: जत्रा व उत्सव कर | C15: ०२०६-१०२ | I15: पाईप लाईन दुरुस्ती | J15: २२१५-१०१-०२
B16: मनरंजन कर | C16: ००४५-१०१ | I16: पाणी पुरवठा नवीन कामे | J16: ४२१५-१०२-५३
A17: 7 | B17: सायकल व इतर वाहनावरील कर | C17: ००४१-८०० | I17: पाणी पुरवठा कर्मचारी वेतन | J17: २२१५-१०३-०१
A18: 8 | B18: टोल tax | C18: ००४२-९०१ | I18: पाणी मीटर / साहित्य खरेदी | J18: २२१५-१०१-२१
A19: 9 | B19: उतारू व मालावरील कर | C19: ००४२-१०२ | I19: नळमार्गाचे परीक्षण व दुरुस्ती | J19: २२१५-१०१-२७
A20: 10 | B20: वनविकास कर | C20: ०४०६-४२ | I20: शासकीय पाणीपट्टीचा भरणा करणे | J20: २२१५-१०१-१४
A21: 11 | B21: सेवा कर | C21: ००४४-९०१ | I21: नलिका विहिरीची देखभाल व दुरुस्ती | J21: २२१५-१०२-२७
A22: 12 | B22: व्यापारी किंवा अजीविका यावरील कर ( शेतीव्यतिरिक्त ) | C22: ००२८-१०२ | I22: हात पंप / वीज पंप वर्गणी | J22: २२१५-१०२-३२
A23: 13 | B23: गुरांच्या बाजारावरील दलालीचा व्यवसाय व अजीविकेवरील कर | C23: ००४५-८०० | I23: निर्मल भारत अभियान | J23: २२१५-१०३-५०
A24: 14 | B24: इतर ( वर्गणी ) | H24: 10 | I24: वीज देयक
I25: ( अ ) पाणी पुरवठा | J25: २२१५-१०१-१३
I26: ( ब ) रस्त्यावरील दिवाबत्ती | J26: १६०१-१०२-३६०४-०३२५-५०
I27: ( क ) कार्यालय | J27: २८०१-१०१-२१
H28: 11 | I28: पथ दिवाबत्ती, साहित्य व इतर | J28: २८०१-१०३-२१
B29: एकूण ( एक ) ( अ ) कर | D29: =SUM(D7:D28) -> 0 | E29: =SUM(E7:E28) -> 0 | F29: =SUM(F7:F28) -> 0 | G29: =SUM(G7:G28) -> 0 | I29: दिवाबत्ती मजुरी | J29: २८०१-१०३-०२
A30: ( एक ) | B30: ( ब ) करेत्तर उत्पन्न | H30: 12 | I30: शिक्षण | J30: 22024202
A31: 1 | B31: बाजार फी | C31: ०२०६-१०१ | H31: 13 | I31: आरोग्य | J31: 22104210
A32: 2 | B32: टांगा थांबा फी | C32: ००४५-८०० | H32: 14 | I32: रस्ते व गटार
A33: 3 | B33: कार थांबा फी | C33: ००४५-८०० | I33: रस्ते देखभाल दुरुस्ती | J33: ३०५४-१०१-२७
A34: 4 | B34: पाणी पट्टी | I34: रस्ते नवीन | J34: ५०५४-१०१-५३
B35: जनरल पाणीपट्टी | C35: ०२१५-८०० | I35: गटार देखभाल दुरुस्ती | J35: २०५९-१०१-२७
B36: स्पेशल पाणीपट्टी | C36: ०२१५-१०१ | I36: गटार नवीन | J36: ५०५४-१०२-५३
A37: 5 | B37: स्वच्छता फी | C37: ०२१५-१०३ | H37: 15 | I37: अन्य बांधकाम
A38: 6 | B38: गाय चरण फी | C38: ०४०३-१०४ | I38: मुतारी दुरुस्ती
A39: 7 | B39: डीव्हीडीएफ व्याज २.५ % | C39: ००४९-८०० | I39: स्मशानभूमी दुरुस्ती
A40: 8 | B40: जमीन भाडेपट्टी | C40: ०५१५-४२
A41: 9 | B41: व्याज जमा | C41: ००४९-१०१
A42: 10 | B42: जागा भाडे | C42: ०५१५-४२ | H42: 16 | I42: वाचनालय
A43: 11 | B43: कोंडवाडा जमा | C43: ०५१५-८०० | I43: वाचनालय बांधकाम | J43: ४२०५-१०१-५३
A44: 12 | B44: देणगी | C44: ०५१५-८०० | I44: वाचनालय अनुदान | J44: १६०१-१०२-२२०५-२५६८-३३
A45: 13 | B45: इतर जमा | C45: ०५१५-८०० | H45: 17 | I45: जलशुद्धीकरण / टी. सी. एल | J45: २२१५-१०३-२१
B46: लिलाव ( धूळ, घाण, शेण, केरकचरा, जनावरांची प्रेत व इतर) | C46: ०५१५-८०० | H46: 18 | I46: बाग व मैदान | J46: ४५१५-१०३-c५३
B47: इमारत भाडे | C47: ००५९-१०१ | H47: 19 | I47: समाजकल्याण ( २०%) ( आदिवासी व मागास वर्ग ) | J47: २२३५-१०१-३२
B48: दाखले फी | C48: ०५१५-४६ | H48: 20 | I48: डी.व्ही.डी.एफ. वर्गणी | J48: २५१५-१०३-३२
H49: 21 | I49: महिला व बाल कल्याण ( १० % ) | J49: २२११-१०१-३२
H50: 22 | I50: सामाजिक व सांस्कृतिक कार्यक्रम | J50: २२०५-१०१
H51: 23 | I51: कोंडवाडा | J51: २०५९-१०१-२७
B52: एकूण ( एक ) ( ब ) | D52: =SUM(D31:D51) -> 0 | E52: =SUM(E31:E51) -> 0 | F52: =SUM(F31:F51) -> 0 | G52: =SUM(G31:G51) -> 0 | H52: 24 | I52: साहित्य खरेदी | J52: २५१५-१०३-२१
B53: एकूण ( एक ) करेत्तर उत्पन्न जमा ( अ + ब ) | D53: =SUM(D29,D52) -> 0 | E53: =SUM(E29,E52) -> 0 | F53: =SUM(F29,F52) -> 0 | G53: =SUM(G29,G52) -> 0 | H53: 25 | I53: शेती | J53: 24354435
A54: ( एक ) | B54: ( क ) अभिहास्तांकित रकमा | H54: 26 | I54: इतर
A55: 1 | B55: मुद्रांक शुल्क | C55: ००३०-९०१ | I55: कोर्ट वकील फी | J55: २५१५-१०३-२८
A56: 2 | B56: उपकर | C56: ००२९-१०२ | I56: जाहिरात व प्रसिद्धी वरील खर्च | J56: २५१५-१०३-२६
A57: 3 | B57: जमीन महसूल | C57: ००२९-१०१ | I57: पेट्रोल तेल व वंगण | J57: २५१५-१०३-२४
A58: 4 | B58: जमीन समानीकरण | C58: ००२९-९०१ | I58: वनीकरण | J58: २४०६-१०१-४२
A59: 5 | B59: गौण खनिज | C59: ०५१५-९०१ | I59: वाहन दुरुस्ती | J59: २०५९-१०४-५१
A60: 6 | B60: पथ दिवाबत्ती देयकाचा भरणा करण्यासाठी अनुदान | C60: १६०१-१०२ | I60: अपंग कल्याण | J60: २२३५-१०२-६२
A61: 7 | B61: नळ पाणी पुरवठ्यातील देयकासाठी ५०% अनुदान | C61: १६०१-१०२ | I61: वैद्यकीय सहाय्य | J61: २२१०-१०१-३३
A62: 8 | B62: मागास व आदिवासी क्षेत्रासाठी सहाय्य | C62: १६०१-१०२-२५१५-००४४-३१ | I62: कर्म. भविष्य निर्वाह निधी | J62: ८००९-१०२-५६
A63: 9 | B63: यात्राकरा ऐवजी अनुदान | C63: ००४२-९०१ | I63: इतर
A64: 10 | B64: जकात नुकसान भरपाई अनुदान | C64: ००४२-९०१ | I64: वृक्ष तोडणे
A65: 11 | B65: इतर अनुदान | I65: वृक्ष लागवड
B69: एकूण ( एक ) क | D69: =SUM(D55:D68) -> 0 | E69: =SUM(E55:E68) -> 0 | F69: =SUM(F55:F68) -> 0 | G69: =SUM(G55:G68) -> 0
B70: एकूण ( एक ) ग्रामनिधी जमा ( अ+ब+क ) | D70: =SUM(D52,D69,D29) -> 0 | E70: =SUM(E53,E69) -> 0 | F70: =SUM(F53,F69) -> 0 | G70: =SUM(G53,G69) -> 0 | I70: एकूण ( एक ) ग्रामनिधी खर्च | K70: =SUM(K6:K69) -> 0 | L70: =SUM(L6:L69) -> 0 | M70: =SUM(M6:M69) -> 0 | N70: =SUM(N6:N69) -> 0
A71: ( दोन ) | B71: ( अ ) राज्य शासन सहाय्यक अनुदान जमा | H71: ( दोन ) | I71: राज्य शासन सहय्यक अनुदान खर्च
A72: 1 | B72: शौचालय | C72: ४५१५-२५१५-००६२-५३ | I72: शौचालय | J72: ४५१५-२५१५-००६२-५३
A73: 2 | B73: दलित वस्ती सुधार | C73: ४५१५-२२२५-३०५५-५३ | I73: दलित वस्ती सुधार | J73: ४५१५-२२२५-३०५५-५३
A74: 3 | B74: पाणी पुरवठा / टी. सी. एल | C74: १६०१-१०२ | I74: पाणी पुरवठा / टी. सी. एल | J74: २२१५-१०३-२१
A75: 4 | B75: बांधकाम | C75: ४०००-८०० | I75: बांधकाम | J75: १६०१-१०२-५३
A76: 5 | B76: शिक्षण शाळा | C76: 4202 | I76: शिक्षण शाळा | J76: 4202
A77: 6 | B77: मानधन, किमान वेतन व बैठक भत्ता | C77: १६०१-१०२-२०५३-२०४२-३१ | I77: मानधन, किमान वेतन व बैठक भत्ता व अल्पोपहार | J77: १६०१-१०२-२०५३-१०४२-३१
A78: 7 | B78: आरोग्य | C78: 4210 | I78: आरोग्य | J78: 4210
A79: 8 | B79: इतर | C79: ४०००-८०० | I79: इतर
I80: ड्रेस
B83: एकूण ( दोन ) ( अ ) | D83: =SUM(D72:D82) -> 0 | E83: =SUM(E72:E82) -> 0 | F83: =SUM(F72:F82) -> 0 | G83: =SUM(G72:G82) -> 0
A84: ( दोन ) | B84: ( ब ) आमदार, खासदार, डोंगरी विकास कार्यक्रमांतर्गत जि. ग्रा. वि. यंत्रणे कडून आलेला निधी इ.
B85: आमदार निधी | C85: १६०१-१०२
B86: खासदार निधी | C86: ४५१५-२५५३-१०१-२५
B87: डोंगरी विकास कार्यक्रमांतर्गत आलेला निधी | C87: ४५१५-००११-५३ | I87: आमदार निधी
B88: जि. ग्रा. वि. यंत्रणे कडून आलेला निधी | C88: १६०१-१०२ | I88: खासदार निधी
I89: डोंगरी विकास कार्यक्रमांतर्गत आलेला निधी
I90: जि.ग्रा.वि. यंत्रणा कडून आलेला निधी
B91: एकूण ( दोन ) ( ब ) | D91: =SUM(D85:D90) -> 0 | E91: =SUM(E85:E90) -> 0 | F91: =SUM(F85:F90) -> 0 | G91: =SUM(G85:G90) -> 0
B92: एकूण ( दोन ) शासकीय अनुदाने जमा ( अ + ब ) | D92: =SUM(D91,D83) -> 0 | E92: =SUM(E91,E83) -> 0 | F92: =SUM(F91,F83) -> 0 | G92: =SUM(G91,G83) -> 0
A93: ( तीन ) | B93: केंद्र शासन अनुदाने जमा
A94: 1 | B94: स्वर्ण जयंती ग्राम स्वरोजगार योजना | D94: =E94/100*105 -> 0 | E94: 0 | I94: एकूण ( दोन ) शासकीय अनुदान खर्च | K94: =SUM(K72:K93) -> 0 | L94: =SUM(L72:L93) -> 0 | M94: =SUM(M72:M93) -> 0 | N94: =SUM(N72:N93) -> 0
A95: 2 | B95: जवाहर ग्राम समृद्धी योजना | D95: =E95/100*105 -> 0 | E95: 0 | H95: ( तीन ) | I95: केंद्र शासन अनुदाने व खर्च
A96: 3 | B96: इतर | D96: =E96/100*105 -> 0 | H96: 1 | I96: स्वर्णजयंती ग्राम स्वरोजगार योजना | K96: =L96/100*105 -> 0
D97: =E97/100*105 -> 0 | H97: 2 | I97: जवाहर ग्राम समृद्धी योजना | K97: =L97/100*105 -> 0
D98: =E98/100*105 -> 0 | H98: 3 | I98: इतर | K98: =L98/100*105 -> 0
B99: एकूण ( तीन ) केंद्र शासन अनुदाने जमा | D99: =SUM(D94:D98) -> 0 | E99: =SUM(E94:E98) -> 0 | F99: =SUM(F94:F98) -> 0 | G99: =SUM(G94:G98) -> 0 | K99: =L99/100*105 -> 0
A100: ( चार ) | B100: संकीर्ण जमा | K100: =L100/100*105 -> 0
A101: 1 | B101: अनामत / प्रतीभुती | C101: ८४४३-१०२-५५ | I101: एकूण ( तीन ) केंद्र शासन अनुदाने खर्च | K101: =SUM(K96:K100) -> 0 | L101: =SUM(L96:L100) -> 0 | M101: =SUM(M96:M100) -> 0 | N101: =SUM(N96:N100) -> 0
A102: 2 | B102: ठेवी | C102: ८४४३-१०३-५५ | H102: ( चार ) | I102: संकीर्ण खर्च
A103: 3 | B103: कर्ज | H103: 1 | I103: अग्रिम / अनामत | J103: ८४४३-१०२-५६
B104: राज्य शासन कर्ज | C104: ६००३-१०१-५५ | H104: 2 | I104: ठेवी | J104: ८४४३-१०३-५६
B105: केंद्र शासन कर्ज | C105: ६००४-१०१-५५ | H105: 3 | I105: कर्जे, हफ्ता व व्याज प्रदाने
A106: 4 | B106: इतर | C106: ८४४३-१०३-c५५ | I106: राज्य शासन कर्जे, हफ्ता व व्याज प्रदाने | J106: ६००३-१०१-५६
...

Sheet वार्षिक अहवाल 
A2: विभागातील ग्रा.पं. कारभारावर आधारित सन | H2: २०२०/२१ | J2: वार्षिक प्रशासन अहवाल
A3: प्रकरण 15
A4: विवरण पत्र - अ
A5: अ.क्र. | B5: पंचायत समितीचे नांव | C5: एकूण ग्राम पंचायतींची संख्या | D5: सन 2011 ची खाने सुमारी | E5: सर्व साधारण जागा | F5: ग्रामपंचायतीच्या राखुन ठेवलेल्या जागा | J5: सहकारी सदस्यांची संख्या | K5: एकूण सदस्य ५+९+१० | L5: निवडणूक झालेल्या एकूण ग्रा.पं. संख्या | M5: पोट निवडणूक झालेल्या ग्रामपंचायती | N5: नेमलेल्या किंवा निवडून सर्वसाधारण | P5: एकूण सभासद (१४+१५)
F6: स्त्रिया | G6: अनुसूचित जाती | H6: अनुसूचित जमाती | I6: एकूण राखीव जागा (६+७+८) | N6: सभासदांची संख्या निवडून आलेले सभासद | O6: राखीव नसलेल्या जिल्हा परिषदेच्या जागा स्थायी समितीने नेमलेले
A7: 1 | B7: 2 | C7: 3 | D7: 4 | E7: 5 | F7: 6 | G7: 7 | H7: 8 | I7: 9 | J7: 10 | K7: 11 | L7: 12 | M7: 13 | N7: 14 | O7: 15 | P7: 16
A8: 1 | B8: ='मुख्य पान '!I2 -> साक्री | C8: 1 | E8: 2 | F8: 4 | G8: 1 | H8: 2 | I8: =SUM(F8:H8) -> 7 | J8: 0 | K8: =SUM(E8+I8+J8) -> 9 | O8: 0 | P8: =N8+O8 -> 0
A10: अ.क्र. | B10: पंचायत समितीचे नांव | C10: एकूण ग्राम पंचायतींची संख्या | D10: स्त्रिया निवडून आलेले सभासद | E10: राखीव जागा जिल्हा परिषद स्थायी समितीने नेमलेले सभासद | F10: एकूण सभासद (१७+१८) | G10: राखीव अनुसूचित जाती | J10: अनुसूचित जमाती | M10: एकूण निवडून आलेले सभासद | N10: एकूण नेमलेले | O10: एकूण सहयोगी सभासद | P10: निवडून आलेले व नेमलेले सहयोगी सभासदांची संख्या (२६+२७+२८)
G11: सभासदांची संख्या अनुसूचित जाती निवडून आलेले सभासद | H11: जिल्हा परिषद स्थायी समितीने नेमलेले | I11: एकूण सभासद संख्या | J11: निवडून आलेले सभासद | K11: जिल्हा परिषद स्थायी समितीने नेमलेले | L11: एकूण सभासद (२३+२४)
A12: 1 | B12: 2 | C12: 3 | D12: 17 | E12: 18 | F12: 19 | G12: 20 | H12: 21 | I12: 22 | J12: 23 | K12: 24 | L12: 25 | M12: 26 | N12: 27 | O12: 28 | P12: 29
A13: =A8 -> 1 | B13: =B8 -> साक्री | F13: =SUM(D13:E13) -> 0 | I13: =SUM(G13:H13) -> 0 | K13: 0 | L13: =SUM(J13:K13) -> 0 | M13: =SUM(P8+F13+I13+L13) -> 0 | P13: =SUM(M13+N13+O13) -> 0
A15: विवरण क व ड
A16: सन 2019-2020 ग्राम पंचायतींना सरकारकडून मिळालेले अनुदाने
A17: अ.क्र | B17: पंचायत समितीचे नांव | C17: एकूण ग्रामपंचायत संख्या | D17: जमीन महसूल अनुदान | E17: समानीकरण अनुदान | F17: ग्राम पंचायत कायदा कलम १२७ प्रमाणे स्थानिक उपकर | G17: विकास कामासाठी अनुदान | H17: एकूण ४ ते 5 ची बेरीज | I17: अंशदान ( सरपंच मानधन, सदस्य बैठक भत्ता कर्मचारी वेतन ) इ | J17: देणग्‍या | K17: बक्षिस | L17: नियमाचा भंग केल्याबद्दल | M17: इतर निर्दिष्ट न केलेल्या बाबी | N17: देणगी अनुदान वर्गणीची बेरीज ९ ते १३ | O17: इमारतीवरील व जमिनीवरील कर | P17: दिवाबत्ती कर | Q17: जत्रा कर | T17: बाजार फी
A18: 1 | B18: 2 | C18: 3 | D18: 4 | E18: 5 | F18: 6 | G18: 7 | H18: 8 | I18: 9 | J18: 10 | K18: 11 | L18: 12 | M18: 13 | N18: 14 | O18: 15 | P18: 15अ | Q18: 16 | T18: टांगा थांबा फी
A19: =A13 -> 1 | B19: =B13 -> साक्री | D19: ='N No. 3-4 '!D57 -> 0 | E19: ='N No. 3-4 '!D58 -> 0 | F19: ='N No. 3-4 '!D55+'N No. 3-4 '!D56+'N No. 3-4 '!D59+'N No. 3-4 '!D63 -> 0 | G19: ='N No. 3-4 '!D72+'N No. 3-4 '!D73+'N No. 3-4 '!D75+'N No. 3-4 '!D76+'N No. 3-4 '!#REF!+'N No. 3-4 '!D84+'N No. 3-4 '!D85+'N No. 3-4 '!D86+'N No. 3-4 '!D87+'N No. 3-4 '!D84+'N No. 3-4 '!D85 -> #REF! | H19: =SUM(D19:G19) -> #REF! | I19: ='N No. 3-4 '!D65+'N No. 3-4 '!D66+'N No. 3-4 '!D67 -> 0 | J19: ='N No. 3-4 '!D60+'N No. 3-4 '!D62+'N No. 3-4 '!D44 -> 0 | K19: ='N No. 3-4 '!D88 -> 69 | M19: ='N No. 3-4 '!D77+'N No. 3-4 '!D78+'N No. 3-4 '!D74 -> 60 | N19: =SUM(I19:M19) -> 129 | O19: ='N No. 3-4 '!D8+'N No. 3-4 '!D9 -> 0 | P19: ='N No. 3-4 '!D10 -> 0 | Q19: ='N No. 3-4 '!D13 -> 0 | R19: =SUM(O19:Q19) -> 0 | T19: कार थांबा फी
T20: पाणी पट्टी
A21: चुंगी कर | B21: दुकानावरील हॉटेलवरील कर | C21: सायकल व वाहने इत्यादीवरील कर | D21: शेतीखेरीज बाष्प, तेल, विद्युतशक्तीच्या सहाय्याने केला जाणारा धंदा किंवा व्यवसायावरील कर | E21: गुरांच्या बाजारातील दलालीच्या धंदयावरील कर | F21: यात्रा, उत्सव यांचे करमणुकी वरील कर | G21: बाजार व आठवडा बाजारावरील कर | H21: कोणतीही सार्वजनिक जागा किंवा ठिकाणे या वरील तात्पुरते इमले उभारणे व किंवा कोणतेही भाग पुढे आणणे किंवा त्याचा भोगवटा करणे यावरील कर | I21: बैलगाडयांच्या अडयावरील कर | J21: कारखान्यां कडून मिळालेली ठोक वर्गणी | K21: विहीर व तळी पासून पाण्याचा पुरवठा करण्याबाबत कर | L21: सर्वसाधारण विशेष साफ सफाई पट्टी | M21: वाहने व जनावरे या वरील जकात | N21: गुरे चरण्याबद्दल फी | O21: इतर कर फी | P21: एकूण बेरीज १५ ते ३२ | T21: जनरल पाणीपट्टी
A22: 17 | B22: 18 | C22: 19 | D22: 20 | E22: 21 | F22: 22 | G22: 23 | H22: 24 | I22: 25 | J22: 26 | K22: 27 | L22: 28 | M22: 29 | N22: 30 | O22: 31 | P22: 32 | T22: स्पेशल पाणीपट्टी
A23: ='N No. 3-4 '!D18 -> 0 | B23: ='N No. 3-4 '!D12 -> 0 | C23: ='N No. 3-4 '!D17 -> 0 | D23: ='N No. 3-4 '!D22 -> 0 | E23: ='N No. 3-4 '!D23 -> 0 | F23: ='N No. 3-4 '!D15+'N No. 3-4 '!D16 -> 0 | G23: ='N No. 3-4 '!D31 -> 0 | H23: ='N No. 3-4 '!D40+'N No. 3-4 '!D42+'N No. 3-4 '!D43+'N No. 3-4 '!D47 -> 0 | I23: ='N No. 3-4 '!D19 -> 0 | J23: ='N No. 3-4 '!D64 -> 0 | L23: ='N No. 3-4 '!D37+'N No. 3-4 '!D11 -> 0 | M23: ='N No. 3-4 '!D32+'N No. 3-4 '!D33 -> 0 | N23: ='N No. 3-4 '!D38 -> 0 | O23: ='N No. 3-4 '!D20+'N No. 3-4 '!D21+'N No. 3-4 '!D39+'N No. 3-4 '!D41+'N No. 3-4 '!D48+'N No. 3-4 '!D100+'N No. 3-4 '!D101+'N No. 3-4 '!D106+'N No. 3-4 '!D24+'N No. 3-4 '!D46+'N No. 3-4 '!D103+'N No. 3-4 '!D104+'N No. 3-4 '!D105 -> 505 | P23: =R19+R23 -> 505 | R23: =SUM(A23:O23) -> 505 | T23: स्वच्छता फी
T24: गाय चरण फी
T25: जागा भाडे
A26: पा. पु. निधीकडे जि. प. ग्रामीण पा. पु. निधीतील रकमेपोटी मिळालेले अनुदान | C26: पं. स./ जि. प. सेस फंडातील मिळालेले अनुदान | D26: वीज बिलाचे ५०% अनुदान जमा | E26: सर्वसाधारण पाणी पट्टी | F26: विशेष पाणी पट्टी | G26: एकूण | H26: वर्षात नळ धारकाकडून अनामत व नल जोडणी फी. | I26: पाणी पुरवठा साधनापोटी अन्य मार्गाने जमा | J26: जमीन महसूल अनुदानाच्या ३५ % जमा | K26: एकूण जमा | L26: एकूण मिळालेल्या उत्पन्नाची बेरीज ८+१४+३३ | M26: दर माणसी कराचा तक्‍ता | N26: दर माणसी कराचा बोजा | O26: मागील वर्षातील एकूण उत्पन्न | P26: मागील वर्षातील प्रमाण वाढ व घट | Q26: वाढ व घट झाल्याची कारणे | T26: कोंडवाडा जमा
A27: 33 | C27: 34 | D27: 35 | E27: 36 | F27: 37 | G27: 38 | H27: 39 | I27: 40 | J27: 41 | K27: 42 | L27: 43 | M27: 44 | N27: 45 | O27: 46 | P27: 47 | Q27: 48 | T27: ='N No. 3-4 '!D145 -> 124
A28: ='N No. 3-4 '!D79 -> 61 | D28: ='N No. 3-4 '!D61 -> 0 | E28: ='N No. 3-4 '!D35 -> 0 | F28: ='N No. 3-4 '!D36 -> 0 | G28: =E28+F28 -> 0 | H28: ='N No. 3-4 '!D49 -> 0 | I28: ='N No. 3-4 '!D50+'N No. 3-4 '!D107 -> 88 | K28: =J28+I28+H28+G28+D28+C28+A28 -> 149 | L28: =H19+N19+P23+K28 -> #REF! | T28: =T27-L28 -> #REF!
T29: लिलाव ( धूळ, घाण, शेण, केरकचरा, जनावरांची प्रेत व इतर)
A30: विवरणपत्र इ - सन | J30: =H2 -> २०२०/२१ | T30: इमारत भाडे
A31: अ.क्र | B31: ग्रामपंचायतीचे नांव | C31: एकूण ग्रामपंचायतींची संख्या | D31: स्वच्छता आरोग्य यावरील खर्च | F31: दफणभुमी व दहनभुमी याची व्यवस्था | G31: क्रिडांगणे व सार्वजनिक उद्याने | H31: बेवारशी प्रेते व गुरे ढोरे यांची विल्हेवाट लावणे | I31: सार्वजनिक व वैयक्तिक शौचालय | J31: साथीचे रोग आणि गुरांचे संगोपन | K31: प्रसुती व महिला बालकल्याण | L31: वैद्यकीय मदत | M31: माणसांना व गुरांना लस टोचने | N31: स्वच्छता विषयक व आरोग्य विषयक उपाययोजना | O31: स्तंभ ४ ते १३ यांची बेरीज | P31: अतिक्रमणे | T31: दाखले फी
D32: पाणी पुरवठा | E32: सार्वजनिक रस्ते गटारे विहीरी साफ करणे व उपद्गव कमी करणे | T32: पाणी पुरवठा वर्गणी
A33: 1 | B33: 2 | C33: 3 | D33: 4 | E33: 5 | F33: 6 | G33: 7 | H33: 8 | I33: 9 | J33: 10 | K33: १०अ | L33: 11 | M33: 12 | N33: 13 | O33: 14 | P33: 15 | T33: पाणी पुरवठा दुरुस्ती निधी
B34: ='मुख्य पान '!E2 -> बळसाणे | E34: ='N No. 3-4 '!#REF! -> #REF! | F34: ='N No. 3-4 '!H39 -> 2 | I34: ='N No. 3-4 '!H72 -> 0 | L34: ='N No. 3-4 '!H61 -> 0 | N34: ='N No. 3-4 '!H31+'N No. 3-4 '!H13 -> 4 | O34: =SUM(D34:N34) -> #REF! | T34: जागा भाडे
T35: कोंडवाडा जमा
A36: अ.क्र | B36: ग्रामपंचायतीचे नांव | C36: एकूण ग्रामपंचायतींची संख्या | D36: रस्ते बांधणी, गटार बांधणी व ती व्यवस्थित ठेवणे व दुरुस्त करणे | E36: सार्वजनिक इमारती व विहीरी | F36: रस्त्यावरील दिवाबत्ती | G36: जत्रा बाजार व बैलगाडी अड्डा | H36: कत्‍तल खाना | I36: झाडे लावणे व निगा राखणे | J36: धर्मशाळा | K36: स्नान करणेसाठी व कपडे धुण्यासाठी बांधलेले घाट | L36: बाजार/शौचालय अनुदान | M36: साफसफाई नोकर वर्गासाठी | N36: शिबीरासाठी उपयोगी पडणारे मैदान करणे व खळी | O36: गुरांचे कोंडवाडे | P36: दुष्काळी कामे | T36: देणगी
T37: इतर जमा
A38: 1 | B38: 2 | C38: 3 | D38: 16 | E38: 17 | F38: 18 | G38: 19 | H38: 20 | I38: 21 | J38: 22 | K38: 23 | L38: 24 | M38: 25 | N38: 26 | O38: 27 | P38: 28 | T38: लिलाव ( धूळ, घाण, शेण, केरकचरा, जनावरांची प्रेत व इतर)
B39: =B34 -> बळसाणे | D39: ='N No. 3-4 '!H33+'N No. 3-4 '!H34+'N No. 3-4 '!H35+'N No. 3-4 '!H36 -> 8 | E39: ='N No. 3-4 '!H38 -> 2 | F39: ='N No. 3-4 '!H26+'N No. 3-4 '!H28+'N No. 3-4 '!H29 -> 6 | O39: ='N No. 3-4 '!H51 -> 0 | T39: इमारत भाडे
T40: दाखले फी
A41: अ.क्र | B41: ग्रामपंचायतीचे नांव | C41: एकूण ग्रामपंचायतींची संख्या | D41: गावठणाच्या क्षेत्राचा विस्तार | E41: वखारी | F41: सार्वजनिक बांधकामाच्या इतर कोणत्याही बाबी विकास काम | G41: स्तंभ १५ ते ३१ ची बेरीज | H41: शिक्षण व सांस्कृतिक कार्य यावरील खर्च | K41: ग्रंथालय विषयक वाचनालय | L41: सामाजिक व नैतिक कल्याण प्रगती वरील खर्च | Q41: स्तंभ ३३ ते ४१ ची बेरीज | T41: पाणी पुरवठा वर्गणी
H42: शिक्षण | I42: आखाडे व क्लब करमणूक | J42: कला व संस्कृति विकासा करीता नाटयगृह | L42: दारुबंदी | M42: अस्पुश्यता निवारण वइतर कामे | N42: मागासवर्गीय स्थिती सुधारणा | O42: १०टक्‍के म.बा.क. खर्च | P42: इतर कोणतीही बाब | T42: पाणी पुरवठा दुरुस्ती निधी
A43: 1 | B43: 2 | C43: 3 | D43: 29 | E43: 30 | F43: 31 | G43: 32 | H43: 33 | I43: 34 | J43: 35 | K43: 36 | L43: 37 | M43: 38 | N43: 39 | O43: 40 | P43: 41 | Q43: 42
B44: =B39 -> बळसाणे | F44: ='N No. 3-4 '!H52+'N No. 3-4 '!H75+'ग्रामनिधी ३-४ '!BW32+'ग्रामनिधी ३-४ '!BW33 -> 6 | G44: =P34+D39+E39+F39+G39+H39+I39+J39+K39+L39+M39+N39+O39+P39+D44+E44+F44 -> 22 | H44: ='N No. 3-4 '!H30+'N No. 3-4 '!H76 -> 2 | K44: ='N No. 3-4 '!H43+'N No. 3-4 '!H44 -> 0 | M44: ='N No. 3-4 '!H73 -> 0 | N44: ='N No. 3-4 '!H47 -> 2 | O44: ='N No. 3-4 '!H49 -> 2 | P44: ='N No. 3-4 '!H50 -> 0 | Q44: =SUM(H44:P44) -> 6
A46: अ.क्र | B46: ग्रामपंचायतीचे नांव | C46: एकूण ग्रामपंचायतींची संख्या | D46: ग्रामसंरक्षण व आत्मसंरक्षण यावरील खर्च | I46: कारभार विषयक / प्रशासनावरील खर्च
D47: गस्त व पहारा | E47: धोक्याचे उद्योगधंदे व कामे यावर नियंत्रण ठेवणे | F47: आगीपासून संरक्षण | G47: इतर कोणतीही बाब निदीष्ट करणे | H47: स्तंभ ४३ ते ४६ ची बेरीज | I47: नोकर वर्ग | J47: जागांना क्रमांक देणे | K47: मोजमापणी | L47: जत्रा,उत्सव व धार्मिक यात्रा यांचे नियंत्रण करणे | M47: पंचायतीचे दप्तर ठेवणे | N47: जन्म / मृत्यू व लग्न इ. रजिस्टर ठेवणे बाबत | O47: इतर कोणतीही बाब निदिष्ट करणॅे | P47: स्तंभ ४८ ते ५३ ची बेरीज
A48: 1 | B48: 2 | C48: 3 | D48: 43 | E48: 44 | F48: 45 | G48: 46 | H48: 47 | I48: 48 | J48: 49 | K48: 50 | L48: 51 | M48: 52 | N48: ५३अ | O48: 53 ²Ö | P48: 54
B49: =B44 -> बळसाणे | D49: ='N No. 3-4 '!H59 -> 0 | H49: =SUM(D49:G49) -> 0 | I49: ='N No. 3-4 '!H62+'N No. 3-4 '!H9 -> 24 | M49: ='N No. 3-4 '!H11+'N No. 3-4 '!H12 -> 4 | O49: ='N No. 3-4 '!H6+'N No. 3-4 '!H7+'N No. 3-4 '!H8+'N No. 3-4 '!H10+'N No. 3-4 '!H27+'N No. 3-4 '!H54+'N No. 3-4 '!H55+'N No. 3-4 '!H56+'N No. 3-4 '!H57+'N No. 3-4 '!H77+'N No. 3-4 '!H64+'N No. 3-4 '!H65 -> 14 | P49: =SUM(I49:O49) -> 42
A51: अ.क्र | B51: ग्रामपंचायतीचे नांव | C51: एकूण ग्रामपंचायतींची संख्या | D51: जमिन सुधारणा योजना | E51: अपंग निराधार आजारी लोकांना मदत करणे ५ % | F51: नैसर्गीक आपत्तीच्या प्रसंगी मदत करणे | G51: बिगरशेतीच्या कामासाठी मदत व जमिन व इतर साधने सहकारी पध्दतीने व्यवस्था करणे | H51: शेतीवर कर्जदेणाया बहु उद्‌देशिय सहकारी संस्थेचे संघटन करणे | I51: पडीत जमिन लागवड करणे | J51: श्रमदान संघटना घडवून आणणे | K51: वाजवी किमतीत माल विकणारी दुकाने | L51: इतर कोणतीही बाब निदीष्ट करणे | N51: स्तंभ ५५ ते ६३ ची बेरीज | O51: इतर कोणतीही बाब निदीष्ट करणे | Q51: ६७ते६४ यांची बेरीज
L52: 0.२५ टक्‍क्‍े.
A53: 1 | B53: 2 | C53: 3 | D53: 55 | E53: 56 | F53: 57 | G53: 58 | H53: 59 | I53: 60 | J53: 61 | K53: 62 | L53: 63 | M53: 64 | N53: 66 | O53: 67 | P53: 68 | Q53: 69
B54: =B49 -> बळसाणे | E54: ='N No. 3-4 '!H60 -> 2 | I54: ='N No. 3-4 '!H46 -> 0 | L54: ='N No. 3-4 '!H48 -> 0 | M54: ='N No. 3-4 '!H102+'N No. 3-4 '!H103+'N No. 3-4 '!H104+'N No. 3-4 '!H105+'N No. 3-4 '!H106+'N No. 3-4 '!H107+'N No. 3-4 '!H112+'N No. 3-4 '!H113+'N No. 3-4 '!H114+'N No. 3-4 '!H115+'N No. 3-4 '!H116+'N No. 3-4 '!H117 -> 4 | N54: =SUM(D54:M54) -> 6 | P54: 0 | Q54: =SUM(O54:P54) -> 0
A56: अ.क्र | B56: ग्रामपंचायतीचे नांव | C56: एकूण ग्रामपंचायतींची संख्या | D56: ओसाड व पडीत जमिन लागवडीखाली आणणे | E56: शेतीचे उत्पादन वाढविणे | F56: खत तयार करणे | G56: शेती व वन संरक्षण व पशु संरक्षण यावरील खर्च | M56: शेती व वन संरक्षण कार्यावरील खर्च | O56: स्तंभ ६५ ते ७६ ची बेरीज | P56: ग्रामद्योग व कुटीरद्योग यांची सुधारणा व त्याला उत्तेजन देणे | Q56: अहवालाच्या वर्षातील एकूण खर्च कॉलम १४,३२,४२,४७,५४,६४,७७,७८ ची बेरीज
G57: सुधारलेली बी बीयाणे सर्वधनगृह व अवजारे सामान | H57: सुधारलेल्या बी बीयाणे उत्पादन वापर | I57: सहकारी व सामुहीक शेतीचा वापर | J57: पिका संबंधी प्रयोग व पिकांचे संरंक्षण | K57: लघु पाट बंधारे | L57: गावातील जंगलांचे जतन करणे व त्यांची सुधारणा करणे | M57: गुरांची सुधारणा व काळजी | N57: निदिष्ट करावयाच्या इतर कोणतीही बाब
A58: 1 | B58: 2 | C58: 3 | D58: 70 | E58: 71 | F58: 72 | G58: 73 | H58: 74 | I58: 75 | J58: 76 | K58: 77 | L58: 78 | M58: 79 | N58: 80 | O58: 81 | P58: 82 | Q58: 83
B59: =B54 -> बळसाणे | L59: ='N No. 3-4 '!H53+'N No. 3-4 '!H58 -> 0 | O59: =SUM(D59:N59) -> 0 | P59: 0 | Q59: =SUM(O34+G44+Q44+H49+P49+N54+Q54+O59) -> #REF!
A61: पाणी पुरवठा निधीतील खर्च | L61: अहवाल वर्षातील खर्चाची एकूण बेरीज ( स्तंभ ८३ + ९३ ) | M61: मागील वर्षाचा खर्च | N61: वाढ किंवा घट | O61: नोकर वर्गावरील शेकडा प्रमाण स्तंभ ९४ मधील एकूण खर्चाचे प्रमाणात स्तंभ ४७ + ८४ मधील झालेला खर्च | P61: शेरा
B62: नोकरांचा पगार खर्च | C62: नळ पाणी पुरवठा योजना देखभाल दुरुस्ती खर्च | D62: नळ पाणी पुरवठा टी. सी. एल. पावडर खर्च | E62: २०% भरणा वर्गणी ८० % भरणा वर्गणी | G62: वीज बिल व हातपंप / विद्युत पंप वाशीक वर्गणीचा खर्च | J62: पाणी पुरवठा निधीतून इतर फंडाकडे वर्ग रक्कम | K62: एकूण खर्च ( स्तंभ ८४ ते ९२ )
E63: २०% भरणा वर्गणी | F63: ८० % भरणा वर्गणी | G63: वीज बिल | H63: हात पंप | I63: विद्युत पंप
B64: 84 | C64: 85 | D64: 86 | E64: 87 | F64: 88 | G64: 89 | H64: 90 | I64: 91 | J64: 92 | K64: 93 | L64: 94 | M64: 95 | N64: 96 | O64: 97 | P64: 98
B65: ='N No. 3-4 '!H17 -> 1000 | C65: ='N No. 3-4 '!H15+'N No. 3-4 '!H16+'N No. 3-4 '!H18+'N No. 3-4 '!H19+'N No. 3-4 '!H21 -> 0 | D65: ='N No. 3-4 '!H74+'N No. 3-4 '!H45 -> 0 | E65: ='N No. 3-4 '!H20 -> 0 | G65: ='N No. 3-4 '!H25 -> 0 | H65: ='N No. 3-4 '!H22 -> 0 | J65: ='N No. 3-4 '!H108 -> 0 | K65: =SUM(B65:J65) -> 1000 | L65: =Q59+K65 -> #REF! | S65: ='N No. 3-4 '!H137 -> 2234
S66: =L65-S65 -> #REF!
A67: विवरण फ
A68: ग्रामपंचायतींची सन | F68: २०२०/२१ | H68: ची वार्षिक माहिती दर्शविणारे पत्रक
A69: अ.क्र | B69: पंचायत समितीचे नाव | D69: ग्राम पंचायतींची संख्या | F69: सुरुवातीची शिल्लक | H69: प्रारंभी शिल्‍लक वगळून प्रपत्र सी +१स्‍तंभ सुची उत्‍पन्‍न | J69: प्रारंभी शिल्‍लक धरून उत्‍पन्‍न स्‍तंभ ४+५ | L69: एकूण खर्च तपशिल ( इ चा कॉलम ७९ ) | N69: अखेरची शिल्लक ६-७ | P69: शेरा
A70: 1 | B70: 2 | D70: 3 | F70: 4 | H70: 5 | J70: 6 | L70: 7 | N70: 8 | P70: 9
B71: ='मुख्य पान '!I2 -> साक्री | F71: ='N No. 3-4 '!D123+'N No. 3-4 '!D124 -> 207 | H71: =L28 -> #REF! | J71: =SUM(F71:H71) -> #REF! | L71: =L65 -> #REF! | N71: =SUM(J71-L71) -> #REF!
A74: विवरण ग
A75: ग्रामपंचायतींची सन | F75: २०२०/२१ | H75: ची वार्षिक माहिती दर्शविणारे पत्रक
A76: अ.क्र | B76: पंचायत समितीचे नाव | C76: ग्रामपंचायतीची संख्या | D76: सुरुवातीची येणे बाकी | F76: वकील जामसिंग भिल | H76: एकूण वसूली करावयाची रक्कम | J76: वसूली केलेली रक्कम तपशिल (क व ड कॉलम ३२ ) | K76: बुडीत खाती टाकलेली रक्कम | L76: मागील थकबाकी | M76: चालु मागणीतील थकबाकी | N76: एकुण थकबाकी | O76: वसुलीशी शेकडा प्रमाण | P76: शेरा
A77: 1 | C77: 3 | D77: 4 | F77: रामसिंग जामसिंग भिल | H77: 6 | J77: 7 | K77: 8 | L77: 9 | M77: 10 | N77: 11 | O77: 12 | P77: 13
D78: 60
A79: विवरणपत्र ह
D80: 62 | E80: ग्रामपंचायतींना मंजुर केलेल्या कर्जाबाबत माहिती दर्शविणारे पत्रक सन | J80: २०२०/२१
C81: अ. क्र. | D81: 63 | E81: ग्रामपंचायतीची संख्या | F81: मंजुर केलेल्या कर्जाची रक्कम | G81: सरकार | H81: जिल्हा परिषद व पंचायत समिती | I81: जिल्हा ग्रामिण विकास निधी | J81: खुल्या बाजारातुन किंवा इतर मिळालेले | K81: वर्षाच्या आरंभि असलेली परत करावयाची | L81: वर्षात परत केलेली रक्कम | M81: वर्षाच्या अखेरीस कर्जाची शिल्लक असणारी रक्कम
C82: 1 | D82: 64 | E82: 2 | F82: 3 | G82: 4 | H82: 5 | I82: 6 | J82: 7 | K82: 8 | L82: 9 | M82: 10
D83: 65 | G83: 0 | H83: 0 | J83: 0 | M83: =K83-L83 -> 0
D84: 66
D85: 67
A86: विवरणपत्र आय
C87: ='मुख्य पान '!M2 -> धुळे | D87: 68 | K87: =J80 -> २०२०/२१
D88: 69 | E88: पंचायत समितीचे नांव | F88: एकूण कामावर नेमलेल्या झाडूवाल्यांची संख्या | G88: पुरुष | H88: स्त्रिया | I88: कायम नोकरांची संख्या | J88: तात्पुरता नोकरांची संख्या | K88: पुर्ण वेळ काम करणाया नोकरांची संख्या | L88: अर्धवळ काम करणाया नोकरांची संख्या | M88: ज्यांना घरे राहण्यास दिली अशा नोकरांची संख्या | N88: संडांसाची संख्या | O88: शेरा
D89: 70 | E89: 2 | F89: 3 | G89: 4 | H89: 5 | I89: 6 | J89: 7 | K89: 8 | L89: 9 | M89: 10 | N89: 11 | O89: 12
D90: 71 | E90: =D83 -> 65
D91: 72
D92: 73 | F92: विवरणपत्र जे चालु | J92: सन | K92: २०२०/२१
A93: अ.क्र. | B93: पंचायत समितीचे नाव | C93: विहिरींची संख्या | F93: तलावाची संख्या | I93: क्रिडांगण व सार्वजनिक जागा वर्षाच्या प्रारंभित अस्तित्वात असलेल्या | K93: सार्वजनिक संडासाची संख्या | M93: प्रसुतीगृहाची संख्या | O93: बालकल्याण केंदाची संख्या
C94: वर्षाच्या प्रारंभित अस्तित्वात असलेल्या | D94: 75 | E94: वर्षात दुरुस्त केलेल्या | F94: वर्षाच्या प्रारंभित अस्तित्वात असलेल्या | G94: वर्षात नवीन बांधलेल्या | H94: वर्षात दुरुस्त केलेल्या | I94: वर्षाच्या प्रारंभित अस्तित्वात असलेल्या | J94: वर्षात नवीन बांधलेल्या | K94: वर्षाच्या सरुवातीला अस्तिात्वात असलेल्या | L94: वर्षात नवीन बांधलेल्या | M94: वर्षाच्या सरुवातील असलेल्या खाटांची संख्या | N94: वर्षात जादा तरतुद केलेल्या खाटांची संख्या | O94: वर्षाच्या सरुवातीला अस्तिात्वात असलेल्या | P94: वर्षात तरतुद केलेली नवीन केंद्ग
A95: 1 | B95: 2 | C95: 4 | D95: 76 | E95: 6 | F95: 7 | G95: 8 | H95: 9 | I95: 10 | J95: 11 | K95: 12 | L95: 13 | M95: 14 | N95: 15 | O95: 16 | P95: 17
B96: =E90 -> 65 | D96: 77
D97: 78
A98: अ.क्र. | B98: पंचायत समितीचे नाव | C98: रस्त्याची लांबी | F98: बांधांची व्यवस्था | I98: गटारांची व्यवस्था | O98: दवाखान्यांची संख्या | Q98: केलेली इतर कामे नमुद करावी
C99: वर्षाच्या सरुवातीस असलेले रस्ते | D99: 80 | E99: वर्षात दुरुस्त केलेले रस्ते कि.मी. | F99: वर्षाच्या सरुवातीस बांधेलेले बांध | G99: वर्षात नवीन बांधालेले बांध | H99: वर्षात दुरुस्त केलेले बांध | I99: वर्षाच्या सरुवातीस असलेले गटारे संख्या | J99: वर्षाच्या सरुवातीस असलेले गटारे मि. | K99: वर्षात नवीन बांधलेले संख्या | L99: वर्षात नवीन बांधलेले गटोर मि. | M99: वर्षात दुरुस्त केलेले गटारे संख्या | N99: वर्षात दुरुस्त केलेले गटारे मि. | O99: वर्षाच्या सरुवातीला असलेले | P99: वर्षात तरतुद केलेले नवीन दवाखाने
A100: 1 | B100: 2 | C100: 18 | D100: 81 | E100: 20 | F100: 21 | G100: 22 | H100: 23 | I100: 24 | J100: 25 | K100: 26 | L100: 27 | M100: 28 | N100: 29 | O100: 30 | P100: 31 | Q100: 32
B101: =B96 -> 65 | D101: 82
D102: 83
A103: अतिक्रमणे | D103: 84 | G103: रस्त्यावरील दिवाबत्ती खांबांची संख्या | I103: झाडांची संख्या | K103: धर्मशाळांची संख्या | N103: स्‍नान व घराची संख्‍या
A104: वर्षाच्या सरुवातीला असलेली अतिक्रमणे | B104: वर्षामध्ये दृष्टिपथात आलेली अतिक्रमणे | C104: वर्षामध्ये काढुन टाकलेली अतिक्रमणे | D104: 85 | E104: वर्षात नविन बांधलेले पुल | F104: वर्षतः दुरुस्त केलेले पुल | G104: वर्षाच्या सरुवातीला असलेले खांब | H104: वर्षात बसविलेले जादा खांब | I104: वर्षाच्या सरुवातीस असलेली झाडे | J104: वर्षात लावलेली व जोपासलेली झाडे | K104: वर्षाच्या सरुवातील असलेली धर्मशाळा | L104: वर्षात बांधलेल्या धर्मशाळा | M104: वर्षात दुरुस्त केलेल्या धर्मशाळा | N104: वर्षाच्या सरुवातील असलेली घाट | O104: वर्षात बांधलेल्या घाट | P104: वर्षात दुरुस्त केलेल्या घाट
A105: 33 | B105: 34 | C105: 35 | D105: 86 | E105: 37 | F105: 38 | G105: 39 | H105: 40 | I105: 41 | J105: 42 | K105: 43 | L105: 44 | M105: 45 | N105: 46 | O105: 47 | P105: 48
D106: 87
D107: 88
A108: सफाई कामगारांची घरांची संख्‍या | D108: 89 | F108: सफाईची जागा | H108: धोबीघाटाची संख्‍या | J108: वखारींची संख्या | L108: इतर सार्वजनिक बांधकाम इतर प्रपत्र् सोडून | N108: प्राथमिक शाळांची संख्‍या | P108: प्राथमिक शाळेत जाणाया विद्यार्थ्यींची संख्या
A109: वर्षाच्या सरुवातील असलेली घरे | B109: वर्षात बांधलेल्या घरे | C109: वर्षात दुरुस्त केलेल्या घरे | D109: 90 | E109: वर्षासाठी राखुन ठेवलेली मैदाने | F109: वर्षाच्या सरुवातीस असलेले कुरणे | G109: वर्षासाठी राखुन ठेवलेली कुरणे | H109: वर्षाच्या सरुवातीस असलेले | I109: वर्षात नवीन झालेले | J109: वर्षाच्या सरुवातीस असलेले वखारी | K109: वर्षासाठी राखुन ठेवलेली वखारी | L109: वर्षाच्या सरुवातीला असलेली कामे | M109: वर्षात जादा असलेली कामे | N109: वर्षाच्या सरुवातीला असलेल्या शाळा | O109: वर्षात स्थापण केलेल्या शाळा
...

Sheet N No. 3-4 
A2: जमा | E2: खर्च
A3: जमा लेखा शिर्ष | D3: रक्कम | E3: खर्च लेखा शिर्ष | H3: रक्कम | I3: रक्कम
B4: 1 | D4: 2 | F4: 3 | H4: 4 | I4: 4
A5: ( एक ) | B5: ग्रामनिधी जमा | E5: ( एक ) | F5: ग्रामनिधीतून खर्च
A6: ( एक ) | B6: ( अ ) कर | E6: 1 | F6: सरपंच मानधन | G6: २५१५-१०३-०५ | H6: ='ग्रामनिधी ३-४ '!BW5 -> 2 | I6: ='ग्रामनिधी ३-४ '!BX5 -> 0
A7: 1 | B7: मालमत्ता कर, जमिनी व इमारती यावरील कर | E7: 2 | F7: सदस्य बैठक भत्ता | G7: १६०१-१०२-२०५३-१०४२-३१ | H7: ='ग्रामनिधी ३-४ '!BW6 -> 2 | I7: ='ग्रामनिधी ३-४ '!BX6 -> 0
B8: निवासी इमारतीवरील कर | C8: ००३५-१०१ | D8: ='ग्रामनिधी ३-४ '!AL5 -> 0 | E8: 3 | F8: सदस्य / सरपंच प्रवास भत्ता | G8: २५१५-१०३-११ | H8: ='ग्रामनिधी ३-४ '!BW7 -> 2 | I8: ='ग्रामनिधी ३-४ '!BX7+'पाणीपट्टी ३-४'!BX6 -> 0
B9: अनिवासी इमारती, खुल्या ( अकृषक ) जागेवरील कर | C9: ००३५-१०२ | D9: ='ग्रामनिधी ३-४ '!AL6 -> 0 | E9: 4 | F9: कर्मचारी वेतन | G9: २५१५-१०३-०१ | H9: ='ग्रामनिधी ३-४ '!BW8 -> 2 | I9: ='ग्रामनिधी ३-४ '!BX8+'पाणीपट्टी ३-४'!BX5 -> 0
A10: 2 | B10: दिवाबत्ती | C10: ००४४-१०१ | D10: ='ग्रामनिधी ३-४ '!AL7 -> 0 | E10: 5 | F10: कर्मचारी प्रवास भत्ता | G10: २५१५-१०३-A११ | H10: ='ग्रामनिधी ३-४ '!BW10+'पाणीपट्टी ३-४'!BW6 -> 2 | I10: ='ग्रामनिधी ३-४ '!BX9 -> 0
A11: 3 | B11: स्वच्छता कर | C11: ०२१५-१०३ | D11: ='ग्रामनिधी ३-४ '!AL8 -> 0 | E11: 6 | F11: कार्यालयीन खर्च | G11: २५१५-१०३-१३ | H11: ='ग्रामनिधी ३-४ '!BW10 -> 2 | I11: ='ग्रामनिधी ३-४ '!BX10 -> 0
A12: 4 | B12: दुकाने, लघु उद्योग व हॉटेल चालविणे यावरील कर | C12: ००२८-१०२ | D12: ='ग्रामनिधी ३-४ '!AL9 -> 0 | E12: 7 | F12: दुरुस्ती व देखभाल | G12: २०५९-१०१-२७ | H12: ='ग्रामनिधी ३-४ '!BW11 -> 2 | I12: ='ग्रामनिधी ३-४ '!BX11+'पाणीपट्टी ३-४'!BX7 -> 0
A13: 5 | B13: यात्रा कर | C13: ००४२-१०३ | D13: ='ग्रामनिधी ३-४ '!AL10 -> 0 | E13: 8 | F13: स्वच्छता | G13: 2215 | H13: ='ग्रामनिधी ३-४ '!BW12+'पाणीपट्टी ३-४'!BW8 -> 2 | I13: ='ग्रामनिधी ३-४ '!BX12+'पाणीपट्टी ३-४'!BX8 -> 0
A14: 6 | B14: जत्रा, उत्सव व इतर मनोरंजन कर | E14: 9 | F14: पाणी पुरवठा
B15: जत्रा व उत्सव कर | C15: ०२०६-१०२ | D15: ='ग्रामनिधी ३-४ '!AL11 -> 0 | F15: पाईप लाईन दुरुस्ती | G15: २२१५-१०१-०२ | H15: ='पाणीपट्टी ३-४'!BW9 -> 0 | I15: ='पाणीपट्टी ३-४'!BX9 -> 0
B16: मनरंजन कर | C16: ००४५-१०१ | D16: 0 | F16: पाणी पुरवठा नवीन कामे | G16: ४२१५-१०२-५३ | H16: ='पाणीपट्टी ३-४'!BW10 -> 0 | I16: ='पाणीपट्टी ३-४'!BX10 -> 0
A17: 7 | B17: सायकल व इतर वाहनावरील कर | C17: ००४१-८०० | D17: 0 | F17: पाणी पुरवठा कर्मचारी वेतन | G17: २२१५-१०३-०१ | H17: ='पाणीपट्टी ३-४'!BW5+'पाणीपट्टी ३-४'!BW11 -> 1000 | I17: ='पाणीपट्टी ३-४'!BX11 -> 0
A18: 8 | B18: टोल tax | C18: ००४२-९०१ | D18: 0 | F18: पाणी मीटर / साहित्य खरेदी | G18: २२१५-१०१-२१ | H18: ='पाणीपट्टी ३-४'!BW12+'पाणीपट्टी ३-४'!BW19 -> 0 | I18: ='पाणीपट्टी ३-४'!BX12 -> 0
A19: 9 | B19: उतारू व मालावरील कर | C19: ००४२-१०२ | D19: 0 | F19: नळमार्गाचे परीक्षण व दुरुस्ती | G19: २२१५-१०१-२७ | H19: ='पाणीपट्टी ३-४'!BW13 -> 0 | I19: ='पाणीपट्टी ३-४'!BX13 -> 0
A20: 10 | B20: वनविकास कर | C20: ०४०६-४२ | D20: 0 | F20: शासकीय पाणीपट्टीचा भरणा करणे | G20: २२१५-१०१-१४ | H20: ='पाणीपट्टी ३-४'!BW14 -> 0 | I20: ='पाणीपट्टी ३-४'!BX14 -> 0
A21: 11 | B21: सेवा कर | C21: ००४४-९०१ | D21: 0 | F21: नलिका विहिरीची देखभाल व दुरुस्ती | G21: २२१५-१०२-२७ | H21: ='पाणीपट्टी ३-४'!BW15 -> 0 | I21: ='पाणीपट्टी ३-४'!BX15 -> 0
A22: 12 | B22: व्यापारी किंवा अजीविका यावरील कर ( शेतीव्यतिरिक्त ) | C22: ००२८-१०२ | D22: 0 | F22: हात पंप / वीज पंप वर्गणी | G22: २२१५-१०२-३२ | H22: ='पाणीपट्टी ३-४'!BW16 -> 0 | I22: ='पाणीपट्टी ३-४'!BX16 -> 0
A23: 13 | B23: गुरांच्या बाजारावरील दलालीचा व्यवसाय व अजीविकेवरील कर | C23: ००४५-८०० | D23: 0
A24: 14 | B24: इतर ( वर्गणी ) | D24: ='ग्रामनिधी ३-४ '!AL12 -> 0 | E24: 10 | F24: वीज देयक
F25: ( अ ) पाणी पुरवठा | G25: २२१५-१०१-१३ | H25: ='पाणीपट्टी ३-४'!BW17 -> 0 | I25: ='पाणीपट्टी ३-४'!BX17 -> 0
F26: ( ब ) रस्त्यावरील दिवाबत्ती | G26: १६०१-१०२-३६०४-०३२५-५० | H26: ='ग्रामनिधी ३-४ '!BW13 -> 2 | I26: ='ग्रामनिधी ३-४ '!BX13 -> 0
F27: ( क ) कार्यालय | G27: २८०१-१०१-२१ | H27: ='ग्रामनिधी ३-४ '!BW14 -> 2 | I27: ='ग्रामनिधी ३-४ '!BX14 -> 0
E28: 11 | F28: पथ दिवाबत्ती, साहित्य व इतर | G28: २८०१-१०३-२१ | H28: ='ग्रामनिधी ३-४ '!BW15 -> 2 | I28: ='ग्रामनिधी ३-४ '!BX15 -> 0
B29: एकूण ( एक ) ( अ ) कर | D29: =SUM(D8:D28) -> 0 | F29: दिवाबत्ती मजुरी | G29: २८०१-१०३-०२ | H29: ='ग्रामनिधी ३-४ '!BW16 -> 2 | I29: ='ग्रामनिधी ३-४ '!BX16 -> 0
A30: ( एक ) | B30: ( ब ) करेत्तर उत्पन्न | E30: 12 | F30: शिक्षण | G30: 22024202 | H30: ='ग्रामनिधी ३-४ '!BW17 -> 2 | I30: ='ग्रामनिधी ३-४ '!BX17 -> 0
A31: 1 | B31: बाजार फी | C31: ०२०६-१०१ | D31: ='ग्रामनिधी ३-४ '!AL13 -> 0 | E31: 13 | F31: आरोग्य | G31: 22104210 | H31: ='ग्रामनिधी ३-४ '!BW18+'पाणीपट्टी ३-४'!BW18 -> 2 | I31: ='ग्रामनिधी ३-४ '!BX18+'पाणीपट्टी ३-४'!BX18 -> 0
A32: 2 | B32: टांगा थांबा फी | C32: ००४५-८०० | D32: 0 | E32: 14 | F32: रस्ते व गटार
A33: 3 | B33: कार थांबा फी | C33: ००४५-८०० | D33: 0 | F33: रस्ते देखभाल दुरुस्ती | G33: ३०५४-१०१-२७ | H33: ='ग्रामनिधी ३-४ '!BW19 -> 2 | I33: ='ग्रामनिधी ३-४ '!BX19 -> 0
A34: 4 | B34: पाणी पट्टी | F34: रस्ते नवीन | G34: ५०५४-१०१-५३ | H34: ='ग्रामनिधी ३-४ '!BW20 -> 2 | I34: ='ग्रामनिधी ३-४ '!BX20 -> 0
B35: जनरल पाणीपट्टी | C35: ०२१५-८०० | D35: ='पाणीपट्टी ३-४'!AL5 -> 0 | F35: गटार देखभाल दुरुस्ती | G35: २०५९-१०१-२७ | H35: ='ग्रामनिधी ३-४ '!BW21 -> 2 | I35: ='ग्रामनिधी ३-४ '!BX21 -> 0
B36: स्पेशल पाणीपट्टी | C36: ०२१५-१०१ | D36: ='पाणीपट्टी ३-४'!AL6 -> 0 | F36: गटार नवीन | G36: ५०५४-१०२-५३ | H36: ='ग्रामनिधी ३-४ '!BW22 -> 2 | I36: ='ग्रामनिधी ३-४ '!BX22 -> 0
A37: 5 | B37: स्वच्छता फी | C37: ०२१५-१०३ | D37: 0 | E37: 15 | F37: अन्य बांधकाम
A38: 6 | B38: गाय चरण फी | C38: ०४०३-१०४ | D38: 0 | F38: मुतारी दुरुस्ती | H38: ='ग्रामनिधी ३-४ '!BW23 -> 2 | I38: ='ग्रामनिधी ३-४ '!BX23 -> 0
A39: 7 | B39: डीव्हीडीएफ व्याज २.५ % | C39: ००४९-८०० | D39: 0 | F39: स्मशानभूमी दुरुस्ती | H39: ='ग्रामनिधी ३-४ '!BW24 -> 2 | I39: ='ग्रामनिधी ३-४ '!BX24 -> 0
A40: 8 | B40: जमीन भाडेपट्टी | C40: ०५१५-४२ | D40: ='ग्रामनिधी ३-४ '!AL14 -> 0
A41: 9 | B41: व्याज जमा | C41: ००४९-१०१ | D41: ='ग्रामनिधी ३-४ '!AL15+'पाणीपट्टी ३-४'!AL12 -> 0
A42: 10 | B42: जागा भाडे | C42: ०५१५-४२ | D42: ='ग्रामनिधी ३-४ '!AL16 -> 0 | E42: 16 | F42: वाचनालय
A43: 11 | B43: कोंडवाडा जमा | C43: ०५१५-८०० | D43: 0 | F43: वाचनालय बांधकाम | G43: ४२०५-१०१-५३
A44: 12 | B44: देणगी | C44: ०५१५-८०० | D44: ='ग्रामनिधी ३-४ '!AL17+'पाणीपट्टी ३-४'!AL13 -> 0 | F44: वाचनालय अनुदान | G44: १६०१-१०२-२२०५-२५६८-३३
A45: 13 | B45: इतर जमा | C45: ०५१५-८०० | E45: 17 | F45: जलशुद्धीकरण / टी. सी. एल | G45: २२१५-१०३-२१ | I45: ='पाणीपट्टी ३-४'!BX19 -> 0
B46: लिलाव ( धूळ, घाण, शेण, केरकचरा, जनावरांची प्रेत व इतर) | C46: ०५१५-८०० | D46: ='ग्रामनिधी ३-४ '!AL19+'पाणीपट्टी ३-४'!AL15 -> 0 | E46: 18 | F46: बाग व मैदान | G46: ४५१५-१०३-c५३
B47: इमारत भाडे | C47: ००५९-१०१ | D47: ='ग्रामनिधी ३-४ '!AL20 -> 0 | E47: 19 | F47: समाजकल्याण ( २०%) ( आदिवासी व मागास वर्ग ) | G47: २२३५-१०१-३२ | H47: ='ग्रामनिधी ३-४ '!BW25 -> 2 | I47: ='ग्रामनिधी ३-४ '!BX25 -> 0
B48: दाखले फी | C48: ०५१५-४६ | D48: ='ग्रामनिधी ३-४ '!AL21 -> 0 | E48: 20 | F48: डी.व्ही.डी.एफ. वर्गणी | G48: २५१५-१०३-३२
B49: पाणी पुरवठा वर्गणी | D49: ='पाणीपट्टी ३-४'!AL21 -> 0 | E49: 21 | F49: महिला व बाल कल्याण ( १० % ) | G49: २२११-१०१-३२ | H49: ='ग्रामनिधी ३-४ '!BW27 -> 2 | I49: ='ग्रामनिधी ३-४ '!BX27 -> 0
B50: पाणी पुरवठा दुरुस्ती निधी | D50: ='पाणीपट्टी ३-४'!AL7+'पाणीपट्टी ३-४'!AL8 -> 0 | E50: 22 | F50: सामाजिक व सांस्कृतिक कार्यक्रम | G50: २२०५-१०१ | I50: ='पाणीपट्टी ३-४'!BX20 -> 0
E51: 23 | F51: कोंडवाडा | G51: २०५९-१०१-२७
B52: एकूण ( एक ) ( ब ) | D52: =SUM(D31:D51) -> 0 | E52: 24 | F52: साहित्य खरेदी | G52: २५१५-१०३-२१ | H52: ='ग्रामनिधी ३-४ '!BW28 -> 2 | I52: ='ग्रामनिधी ३-४ '!BX28+'पाणीपट्टी ३-४'!BX21 -> 0
B53: एकूण ( एक ) करेत्तर उत्पन्न जमा ( अ + ब ) | D53: =SUM(D29,D52) -> 0 | E53: 25 | F53: शेती | G53: 24354435
A54: ( एक ) | B54: ( क ) अभिहास्तांकित रकमा | E54: 26 | F54: इतर | I54: ='पाणीपट्टी ३-४'!BX24 -> 0
A55: 1 | B55: मुद्रांक शुल्क | C55: ००३०-९०१ | D55: ='ग्रामनिधी ३-४ '!AL22 -> 0 | F55: कोर्ट वकील फी | G55: २५१५-१०३-२८
A56: 2 | B56: उपकर | C56: ००२९-१०२ | D56: ='ग्रामनिधी ३-४ '!AL23 -> 0 | F56: जाहिरात व प्रसिद्धी वरील खर्च | G56: २५१५-१०३-२६
A57: 3 | B57: जमीन महसूल | C57: ००२९-१०१ | D57: ='ग्रामनिधी ३-४ '!AL24 -> 0 | F57: पेट्रोल तेल व वंगण | G57: २५१५-१०३-२४ | H57: ='पाणीपट्टी ३-४'!BW20 -> 0
A58: 4 | B58: जमीन समानीकरण | C58: ००२९-९०१ | D58: ='ग्रामनिधी ३-४ '!AL25 -> 0 | F58: वनीकरण | G58: २४०६-१०१-४२
A59: 5 | B59: गौण खनिज | C59: ०५१५-९०१ | D59: ='ग्रामनिधी ३-४ '!AL26 -> 0 | F59: वाहन दुरुस्ती | G59: २०५९-१०४-५१
A60: 6 | B60: पथ दिवाबत्ती देयकाचा भरणा करण्यासाठी अनुदान | C60: १६०१-१०२ | D60: 0 | F60: अपंग कल्याण ५ % | G60: २२३५-१०२-६२ | H60: ='ग्रामनिधी ३-४ '!BW29 -> 2 | I60: ='ग्रामनिधी ३-४ '!BX29 -> 0
A61: 7 | B61: नळ पाणी पुरवठ्यातील देयकासाठी ५०% अनुदान | C61: १६०१-१०२ | D61: ='पाणीपट्टी ३-४'!AL10 -> 0 | F61: वैद्यकीय सहाय्य | G61: २२१०-१०१-३३
A62: 8 | B62: मागास व आदिवासी क्षेत्रासाठी सहाय्य | C62: १६०१-१०२-२५१५-००४४-३१ | D62: 0 | F62: कर्म. भविष्य निर्वाह निधी | G62: ८००९-१०२-५६ | H62: ='ग्रामनिधी ३-४ '!BW30+'पाणीपट्टी ३-४'!BW21 -> 22 | I62: ='ग्रामनिधी ३-४ '!BX30 -> 0
A63: 9 | B63: यात्राकरा ऐवजी अनुदान | C63: ००४२-९०१ | D63: 0 | F63: इतर
A64: 10 | B64: जकात नुकसान भरपाई अनुदान | C64: ००४२-९०१ | D64: 0 | F64: इतर ( बँक चार्जेस ) | H64: ='ग्रामनिधी ३-४ '!BW34 -> 2 | I64: ='ग्रामनिधी ३-४ '!BX34 -> 0
A65: 11 | B65: इतर अनुदान ( कर्मचारी वेतन अनुदान ) | D65: ='ग्रामनिधी ३-४ '!AL27 -> 0 | F65: ड्रेस
B66: ='पाणीपट्टी ३-४'!B20 -> गट विकास अधिकारी अनुदान | D66: ='पाणीपट्टी ३-४'!AL20 -> 0
B67: सरपंच मानधन व बैठक भत्ता | D67: ='ग्रामनिधी ३-४ '!AL28 -> 0
B68: ='पाणीपट्टी ३-४'!B22
B69: एकूण ( एक ) क | D69: =SUM(D55:D68) -> 0
B70: एकूण ( एक ) ग्रामनिधी जमा ( अ+ब+क ) | D70: =SUM(D69,D53) -> 0 | F70: एकूण ( एक ) ग्रामनिधी खर्च | H70: =SUM(H6:H69) -> 1072 | I70: =SUM(I6:I69) -> 0
A71: ( दोन ) | B71: ( अ ) राज्य शासन सहाय्यक अनुदान जमा | E71: ( दोन ) | F71: राज्य शासन सहय्यक अनुदान खर्च
A72: 1 | B72: शौचालय | C72: ४५१५-२५१५-००६२-५३ | F72: शौचालय ( निर्मल भारत अभियान ) | G72: ४५१५-२५१५-००६२-५३
A73: 2 | B73: दलित वस्ती सुधार | C73: ४५१५-२२२५-३०५५-५३ | F73: दलित वस्ती सुधार | G73: ४५१५-२२२५-३०५५-५३
A74: 3 | B74: पाणी पुरवठा / टी. सी. एल | C74: १६०१-१०२ | F74: पाणी पुरवठा / टी. सी. एल | G74: २२१५-१०३-२१
A75: 4 | B75: बांधकाम | C75: ४०००-८०० | F75: बांधकाम | G75: १६०१-१०२-५३
A76: 5 | B76: शिक्षण शाळा | C76: 4202 | F76: वकील जामसिंग भिल | G76: 4202
A77: 6 | C77: १६०१-१०२-२०५३-२०४२-३१ | D77: ='ग्रामनिधी ३-४ '!AL28 -> 0 | E77: सरकार | F77: रामसिंग जामसिंग भिल | G77: १६०१-१०२-२०५३-१०४२-३१ | H77: ='ग्रामनिधी ३-४ '!BW31 -> 2 | I77: ='ग्रामनिधी ३-४ '!BX31 -> 0
A78: 8 | B78: इतर | C78: ४०००-८०० | D78: 60
B79: पाणी पुरवठा नवीन योजना | C79: १६०१-१०२ | D79: 61
D80: 62
D81: 63
B82: एकूण ( दोन ) ( अ ) | D82: 64
A83: ( दोन ) | B83: ( ब ) आमदार, खासदार, डोंगरी विकास कार्यक्रमांतर्गत जि. ग्रा. वि. यंत्रणे कडून आलेला निधी इ. | D83: 65
B84: आमदार निधी | C84: १६०१-१०२ | D84: 66
B85: खासदार निधी | C85: ४५१५-२५५३-१०१-२५ | D85: 67
B86: डोंगरी विकास कार्यक्रमांतर्गत आलेला निधी | C86: ४५१५-००११-५३ | D86: 68 | F86: आमदार निधी | H86: ='ग्रामनिधी ३-४ '!BW32 -> 2
B87: जि. ग्रा. वि. यंत्रणे कडून आलेला निधी | C87: १६०१-१०२ | D87: 68 | F87: खासदार निधी | H87: ='ग्रामनिधी ३-४ '!BW33 -> 2
B88: संत गाडगे बाबा , तंटा मुक्ती पुरस्कार रक्कम | D88: 69 | F88: डोंगरी विकास कार्यक्रमांतर्गत आलेला निधी
D89: 70 | F89: जि.ग्रा.वि. यंत्रणा कडून आलेला निधी
B90: एकूण ( दोन ) ( ब ) | D90: 71
B91: एकूण ( दोन ) शासकीय अनुदाने जमा ( अ + ब ) | D91: 72
A92: ( तीन ) | B92: केंद्र शासन अनुदाने जमा | D92: 73
A93: 1 | B93: स्वर्ण जयंती ग्राम स्वरोजगार योजना | D93: 74 | F93: एकूण ( दोन ) शासकीय अनुदान खर्च | H93: =SUM(H72:H92) -> 6 | I93: =SUM(I72:I92) -> 0
A94: 2 | B94: जवाहर ग्राम समृद्धी योजना | D94: 75 | E94: ( तीन ) | F94: केंद्र शासन अनुदाने व खर्च
A95: 3 | B95: इतर | D95: 76 | E95: 1 | F95: स्वर्णजयंती ग्राम स्वरोजगार योजना
D96: 77 | E96: 2 | F96: जवाहर ग्राम समृद्धी योजना
D97: 78 | E97: 3 | F97: इतर
B98: एकूण ( तीन ) केंद्र शासन अनुदाने जमा | D98: 79
A99: ( चार ) | B99: संकीर्ण जमा | D99: 80 | K99: ग्राम निधीमधील वर्ग रकमा हेड टाकणे बाकी
A100: 1 | B100: अनामत / प्रतीभुती | C100: ८४४३-१०२-५५ | D100: 81 | F100: एकूण ( तीन ) केंद्र शासन अनुदाने खर्च | H100: =SUM(H95:H99) -> 0 | I100: =SUM(I95:I99) -> 0
A101: 2 | B101: ठेवी | C101: ८४४३-१०३-५५ | D101: 82 | E101: ( चार ) | F101: संकीर्ण खर्च
...

Sheet ग्रामनिधी ३-४ 
B2: ग्राम पंचायत | C2: ='मुख्य पान '!E2 -> बळसाणे | AL2: ता. | AM2: ='मुख्य पान '!I2 -> साक्री | AN2: जि. | BW2: ='मुख्य पान '!M2 -> धुळे
B3: सन | AM3: ग्रामनिधी नमुना न. ३/४
B4: जमा बाजू | AL4: एकूण जमा | AM4: खर्च बाजू | BW4: एकूण खर्च
B5: निवासी इमारतीवरील कर | C5: ००३५-१०१ | AJ5: =SUM(E5:AI5) -> 0 | AK5: =[1]Feb!AL7 -> 138149 | AL5: =March!AL8 -> 0 | AM5: सरपंच मानधन | AN5: २५१५-१०३-०५ | BU5: =SUM(AP5:BT5) -> 0 | BV5: =[1]Feb!AL49 -> 0 | BW5: =March!AL50 -> 2
B6: अनिवासी इमारती, खुल्या ( अकृषक ) जागेवरील कर | C6: ००३५-१०२ | AJ6: =SUM(E6:AI6) -> 0 | AK6: =[1]Feb!AL8 -> 0 | AL6: =March!AL9 -> 0 | AM6: सदस्य बैठक भत्ता | AN6: १६०१-१०२-२०५३-१०४२-३१ | BU6: =SUM(AP6:BT6) -> 0 | BV6: =[1]Feb!AL50 -> 0 | BW6: =March!AL51 -> 2
B7: दिवाबत्ती | C7: ००४४-१०१ | AJ7: =SUM(E7:AI7) -> 0 | AK7: =[1]Feb!AL9 -> 10192 | AL7: =March!AL10 -> 0 | AM7: सदस्य / सरपंच प्रवास भत्ता | AN7: २५१५-१०३-११ | BU7: =SUM(AP7:BT7) -> 0 | BV7: =[1]Feb!AL51 -> 0 | BW7: =March!AL52 -> 2
B8: स्वच्छता कर | C8: ०२१५-१०३ | AJ8: =SUM(E8:AI8) -> 0 | AK8: =[1]Feb!AL10 -> 9453 | AL8: =March!AL11 -> 0 | AM8: कर्मचारी वेतन | AN8: २५१५-१०३-०१ | BU8: =SUM(AP8:BT8) -> 0 | BV8: =[1]Feb!AL52 -> 75075 | BW8: =March!AL53 -> 2
B9: दुकाने, लघु उद्योग व हॉटेल चालविणे यावरील कर | C9: ००२८-१०२ | AJ9: =SUM(E9:AI9) -> 0 | AK9: =[1]Feb!AL11 -> 0 | AL9: =March!AL12 -> 0 | AM9: कर्मचारी प्रवास भत्ता | AN9: २५१५-१०३-A११ | BU9: =SUM(AP9:BT9) -> 0 | BV9: =[1]Feb!AL53 -> 0 | BW9: =March!AL54 -> 2
B10: यात्रा कर | C10: ००४२-१०३ | AJ10: =SUM(E10:AI10) -> 0 | AK10: =[1]Feb!AL12 -> 0 | AL10: =March!AL13 -> 0 | AM10: कार्यालयीन खर्च | AN10: २५१५-१०३-१३ | BU10: =SUM(AP10:BT10) -> 0 | BV10: =[1]Feb!AL54 -> 15696 | BW10: =March!AL55 -> 2
B11: जत्रा व उत्सव कर | C11: ०२०६-१०२ | AJ11: =SUM(E11:AI11) -> 0 | AK11: =[1]Feb!AL13 -> 0 | AL11: =March!AL14 -> 0 | AM11: दुरुस्ती व देखभाल | AN11: २०५९-१०१-२७ | BU11: =SUM(AP11:BT11) -> 0 | BV11: =[1]Feb!AL55 -> 0 | BW11: =March!AL56 -> 2
B12: इतर ( वर्गणी ) | AJ12: =SUM(E12:AI12) -> 0 | AK12: =[1]Feb!AL14 -> 0 | AL12: =March!AL15 -> 0 | AM12: स्वच्छता | AN12: 2215 | BU12: =SUM(AP12:BT12) -> 0 | BV12: =[1]Feb!AL56 -> 75300 | BW12: =March!AL57 -> 2
B13: बाजार फी | C13: ०२०६-१०१ | AJ13: =SUM(E13:AI13) -> 0 | AK13: =[1]Feb!AL15 -> 0 | AL13: =March!AL16 -> 0 | AM13: ( ब ) रस्त्यावरील दिवाबत्ती | AN13: १६०१-१०२-३६०४-०३२५-५० | BU13: =SUM(AP13:BT13) -> 0 | BV13: =[1]Feb!AL57 -> 0 | BW13: =March!AL58 -> 2
B14: जमीन भाडेपट्टी | C14: ०५१५-४२ | AJ14: =SUM(E14:AI14) -> 0 | AK14: =[1]Feb!AL16 -> 0 | AL14: =March!AL17 -> 0 | AM14: ( क ) कार्यालय | AN14: २८०१-१०१-२१ | BU14: =SUM(AP14:BT14) -> 0 | BV14: =[1]Feb!AL58 -> 0 | BW14: =March!AL59 -> 2
B15: व्याज जमा | C15: ००४९-१०१ | AJ15: =SUM(E15:AI15) -> 0 | AK15: =[1]Feb!AL17 -> 781 | AL15: =March!AL18 -> 0 | AM15: पथ दिवाबत्ती, साहित्य व इतर | AN15: २८०१-१०३-२१ | BU15: =SUM(AP15:BT15) -> 0 | BV15: =[1]Feb!AL59 -> 25717 | BW15: =March!AL60 -> 2
B16: जागा भाडे | C16: ०५१५-४२ | AJ16: =SUM(E16:AI16) -> 0 | AK16: =[1]Feb!AL18 -> 0 | AL16: =March!AL19 -> 0 | AM16: दिवाबत्ती मजुरी | AN16: २८०१-१०३-०२ | BU16: =SUM(AP16:BT16) -> 0 | BV16: =[1]Feb!AL60 -> 7000 | BW16: =March!AL61 -> 2
B17: देणगी | C17: ०५१५-८०० | AJ17: =SUM(E17:AI17) -> 0 | AK17: =[1]Feb!AL19 -> 0 | AL17: =March!AL20 -> 0 | AM17: शिक्षण | AN17: 22024202 | BU17: =SUM(AP17:BT17) -> 0 | BV17: =[1]Feb!AL61 -> 0 | BW17: =March!AL62 -> 2
B18: इतर जमा | C18: ०५१५-८०० | AJ18: =SUM(E18:AI18) -> 0 | AK18: =[1]Feb!AL20 -> 10000 | AL18: =March!AL21 -> 0 | AM18: आरोग्य | AN18: 22104210 | BU18: =SUM(AP18:BT18) -> 0 | BV18: =[1]Feb!AL62 -> 13000 | BW18: =March!AL63 -> 2
B19: लिलाव ( धूळ, घाण, शेण, केरकचरा, जनावरांची प्रेत व इतर) | C19: ०५१५-८०० | AJ19: =SUM(E19:AI19) -> 0 | AK19: =[1]Feb!AL21 -> 0 | AL19: =March!AL22 -> 0 | AM19: रस्ते देखभाल दुरुस्ती | AN19: ३०५४-१०१-२७ | BU19: =SUM(AP19:BT19) -> 0 | BV19: =[1]Feb!AL63 -> 73400 | BW19: =March!AL64 -> 2
B20: इमारत भाडे ( टावर भाडे ) | C20: ००५९-१०१ | AJ20: =SUM(E20:AI20) -> 0 | AK20: =[1]Feb!AL22 -> 10520 | AL20: =March!AL23 -> 0 | AM20: रस्ते नवीन | AN20: ५०५४-१०१-५३ | BU20: =SUM(AP20:BT20) -> 0 | BV20: =[1]Feb!AL64 -> 0 | BW20: =March!AL65 -> 2
B21: दाखले फी | C21: ०५१५-४६ | AJ21: =SUM(E21:AI21) -> 0 | AK21: =[1]Feb!AL23 -> 0 | AL21: =March!AL24 -> 0 | AM21: गटार देखभाल दुरुस्ती | AN21: २०५९-१०१-२७ | BU21: =SUM(AP21:BT21) -> 0 | BV21: =[1]Feb!AL65 -> 65000 | BW21: =March!AL66 -> 2
B22: मुद्रांक शुल्क | C22: ००३०-९०१ | AJ22: =SUM(E22:AI22) -> 0 | AK22: =[1]Feb!AL24 -> 32850 | AL22: =March!AL25 -> 0 | AM22: गटार नवीन | AN22: ५०५४-१०२-५३ | BU22: =SUM(AP22:BT22) -> 0 | BV22: =[1]Feb!AL66 -> 0 | BW22: =March!AL67 -> 2
B23: उपकर | C23: ००२९-१०२ | AJ23: =SUM(E23:AI23) -> 0 | AK23: =[1]Feb!AL25 -> 2578 | AL23: =March!AL26 -> 0 | AM23: मुतारी दुरुस्ती | BU23: =SUM(AP23:BT23) -> 0 | BV23: =[1]Feb!AL67 -> 7400 | BW23: =March!AL68 -> 2
B24: जमीन महसूल | C24: ००२९-१०१ | AJ24: =SUM(E24:AI24) -> 0 | AK24: =[1]Feb!AL26 -> 53100 | AL24: =March!AL27 -> 0 | AM24: स्मशानभूमी दुरुस्ती | BU24: =SUM(AP24:BT24) -> 0 | BV24: =[1]Feb!AL68 -> 0 | BW24: =March!AL69 -> 2
B25: जमीन समानीकरण | C25: ००२९-९०१ | AJ25: =SUM(E25:AI25) -> 0 | AK25: =[1]Feb!AL27 -> 8775 | AL25: =March!AL28 -> 0 | AM25: समाजकल्याण ( २०%) ( आदिवासी व मागास वर्ग ) | AN25: २२३५-१०१-३२ | BU25: =SUM(AP25:BT25) -> 0 | BV25: =[1]Feb!AL69 -> 8880 | BW25: =March!AL70 -> 2
B26: गौण खनिज | C26: ०५१५-९०१ | AJ26: =SUM(E26:AI26) -> 0 | AK26: =[1]Feb!AL28 -> 27500 | AL26: =March!AL29 -> 0 | AM26: अनामत / प्रतीभुती | AN26: ८४४३-१०२-५५ | BU26: =SUM(AP26:BT26) -> 0 | BV26: =[1]Feb!AL70 -> 97000 | BW26: =March!AL71 -> 2
B27: इतर अनुदान ( शिपाई पगार मानधन ) | AJ27: =SUM(E27:AI27) -> 0 | AK27: =[1]Feb!AL29 -> 48097 | AL27: =March!AL30 -> 0 | AM27: महिला व बाल कल्याण ( १० % ) | AN27: २२११-१०१-३२ | BU27: =SUM(AP27:BT27) -> 0 | BV27: =[1]Feb!AL71 -> 8900 | BW27: =March!AL72 -> 2
B28: मानधन, किमान वेतन व बैठक भत्ता | C28: १६०१-१०२-२०५३-२०४२-३१ | AJ28: =SUM(E28:AI28) -> 0 | AK28: =[1]Feb!AL30 -> 80325 | AL28: =March!AL31 -> 0 | AM28: साहित्य खरेदी | AN28: २५१५-१०३-२१ | BU28: =SUM(AP28:BT28) -> 0 | BV28: =[1]Feb!AL72 -> 0 | BW28: =March!AL73 -> 2
B29: इतर | C29: ४०००-८०० | AJ29: =SUM(E29:AI29) -> 0 | AK29: =[1]Feb!AL31 -> 3400 | AL29: =March!AL32 -> 0 | AM29: अपंग कल्याण | AN29: २२३५-१०२-६२ | BU29: =SUM(AP29:BT29) -> 0 | BV29: =[1]Feb!AL73 -> 0 | BW29: =March!AL74 -> 2
B30: आमदार निधी | C30: १६०१-१०२ | AJ30: =SUM(E30:AI30) -> 0 | AK30: =[1]Feb!AL32 -> 194035 | AL30: =March!AL33 -> 0 | AM30: कर्म. भविष्य निर्वाह निधी | AN30: ८००९-१०२-५६ | BU30: =SUM(AP30:BT30) -> 0 | BV30: =[1]Feb!AL74 -> 12600 | BW30: =March!AL75 -> 22
B31: खासदार निधी | C31: ४५१५-२५५३-१०१-२५ | AJ31: =SUM(E31:AI31) -> 0 | AK31: =[1]Feb!AL33 -> 0 | AL31: =March!AL34 -> 0 | AM31: मानधन, किमान वेतन व बैठक भत्ता व अल्पोपहार | AN31: १६०१-१०२-२०५३-१०४२-३१ | BU31: =SUM(AP31:BT31) -> 0 | BV31: =[1]Feb!AL75 -> 0 | BW31: =March!AL76 -> 2
B32: अनामत / प्रतीभुती | C32: ८४४३-१०२-५५ | AJ32: =SUM(E32:AI32) -> 0 | AK32: =[1]Feb!AL34 -> 104161 | AL32: =March!AL35 -> 0 | AM32: आमदार निधी | AN32: १६०१-१०२ | BU32: =SUM(AP32:BT32) -> 0 | BV32: =[1]Feb!AL76 -> 194000 | BW32: =March!AL77 -> 2
B33: ठेवी | C33: ८४४३-१०३-५५ | AJ33: =SUM(E33:AI33) -> 0 | AK33: =[1]Feb!AL35 -> 0 | AL33: =March!AL36 -> 0 | AM33: खासदार निधी | AN33: ४५१५-२५५३-१०१-२५ | BU33: =SUM(AP33:BT33) -> 0 | BV33: =[1]Feb!AL77 -> 0 | BW33: =March!AL78 -> 2
AL34: =March!AL37 -> 0 | AM34: इतर बँक चार्जेस | BW34: =March!AL79 -> 2
AL35: =March!AL38 -> 0 | AM35: वर्ग रकमा | BW35: =March!AL80 -> 2
AL36: =March!AL39 -> 0 | BW36: 0
AL37: =March!AL40 -> 0 | BW37: =March!AL82 -> 0
B38: एकूण जमा | AH38: एकूण | AJ38: =SUM(AJ5:AJ33) -> 0 | AK38: =SUM(AK5:AK33) -> 733916 | AL38: =SUM(AL5:AL33) -> 0 | AM38: एकूण खर्च | BU38: =SUM(AP38:BT38) -> 0 | BV38: =[1]Feb!AL78 -> 1062 | BW38: =SUM(BW5:BW37) -> 82
B39: सुरवातीची शिल्लक | AI39: वर्षारंभीची शिल्लक | AK39: =March!AK38 -> 1000 | AM39: अखेरची शिल्लक | BU39: =SUM(AP39:BT39) -> 0 | BV39: =[1]Feb!AL79 -> 72600 | BW39: =March!AK42 -> 918
AI40: महिन्यातील जमा | AK40: =AL38 -> 0 | BS40: एकूण | BU40: =SUM(BU5:BU39) -> 0 | BV40: =SUM(BV5:BV39) -> 752630 | BW40: =SUM(BW5:BW39) -> 1082
B41: एकूण एकंदर | AI41: एकूण एकंदर | AK41: =SUM(AK39:AL40) -> 1000 | AM41: एकूण एकंदर | BW41: =SUM(BW38:BW39) -> 1000
AI42: महिन्यातील खर्च | AK42: =BW40 -> 1082
AI43: अखेरची शिल्लक | AK43: =AK41-AK42 -> -82
AK44: =SUM(AK42:AL43) -> 1000
A45: नमूना नं. ०६
A46: सन २०१७/२०१८ [ नियम १९(७), २५(१), (२) व (३), ३२(५), व (६), ३३ (२) (३) व (४) (च), ३५, ३६,(२), ३८(१), ४२(४), (ध), ६३ (२) आणि (४) पाहा ]
B47: माहे | C47: मार्च | D47: महिन्याबद्दल खर्च रक्कमांची वर्गीकृत नोंदवही | AK47: पान क्रं.
B48: ग्राम पंचायत | D48: भडणे | G48: ता. | J48: शिंदखेडा | Y48: जि. | AA48: धुळे
F76: वकील जामसिंग भिल
E77: सरकार | F77: रामसिंग जामसिंग भिल
D78: 60
D79: 61
D80: 62
D81: 63
D82: 64
D83: 65
D84: 66
D85: 67
D86: 68
D87: 68
D88: 69
D89: 70
... D118: 99
D119: 99 | E119: सरकार
D120: 100
D121: 101
D122: 102
D123: 103
D124: 104
D125: 105
D126: 106
D127: 107
D128: 108
D129: 109
D130: 110
D131: 111
... D189: 166
E216: सरकार | F216: निंबा गोरख महाले
F217: स्वतः
E218: सरकार
E219: सरकार
E220: सरकार
E221: सरकार
E222: सरकार
E223: सरकार
E224: सरकार
E225: सरकार
E226: सरकार
E227: सरकार
E228: सरकार
E229: सरकार
... E232: सरकार
F233: स्वतः
E234: सरकार
E235: सरकार
E236: सरकार
E237: सरकार
E238: सरकार
E239: सरकार
E240: सरकार
E241: सरकार
...

Sheet पाणीपट्टी ३-४
B2: ग्राम पंचायत | C2: ='मुख्य पान '!E2 -> बळसाणे | AL2: ता. | AM2: ='मुख्य पान '!I2 -> साक्री | AN2: जि. | BW2: ='मुख्य पान '!M2 -> धुळे
B3: सन | AM3: पाणी पुरवठा नमुना न. ३/४
B4: जमा बाजू | AL4: एकूण जमा | AM4: खर्च बाजू | BW4: एकूण खर्च
B5: ='P-March'!B8 -> जनरल पाणीपट्टी | C5: ='P-March'!C8 -> ०२१५-८०० | AJ5: =SUM(E5:AI5) -> 0 | AK5: =[1]Feb!AL7 -> 138149 | AL5: ='P-March'!AL8 -> 0 | AM5: ='P-March'!B50 -> कर्मचारी वेतन | AN5: ='P-March'!C50 -> २५१५-१०३-०१ | BU5: =SUM(AP5:BT5) -> 0 | BV5: =[1]Feb!AL49 -> 0 | BW5: ='P-March'!AL50 -> 1000
B6: ='P-March'!B9 -> स्पेशल पाणीपट्टी | C6: ='P-March'!C9 -> ०२१५-१०१ | AJ6: =SUM(E6:AI6) -> 0 | AK6: =[1]Feb!AL8 -> 0 | AL6: ='P-March'!AL9 -> 0 | AM6: ='P-March'!B51 -> कर्मचारी प्रवास भत्ता | AN6: ='P-March'!C51 -> २५१५-१०३-A११ | BU6: =SUM(AP6:BT6) -> 0 | BV6: =[1]Feb!AL50 -> 0 | BW6: ='P-March'!AL51 -> 0
B7: ='P-March'!B10 -> पाईप लाईन दुरुस्ती | C7: ='P-March'!C10 -> २२१५-१०१-०२ | AJ7: =SUM(E7:AI7) -> 0 | AK7: =[1]Feb!AL9 -> 10192 | AL7: ='P-March'!AL10 -> 0 | AM7: ='P-March'!B52 -> दुरुस्ती व देखभाल | AN7: ='P-March'!C52 -> २०५९-१०१-२७ | BU7: =SUM(AP7:BT7) -> 0 | BV7: =[1]Feb!AL51 -> 0 | BW7: ='P-March'!AL52 -> 0
B8: ='P-March'!B11 -> पाणी पुरवठा नवीन कामे | C8: ='P-March'!C11 -> ४२१५-१०२-५३ | AJ8: =SUM(E8:AI8) -> 0 | AK8: =[1]Feb!AL10 -> 9453 | AL8: ='P-March'!AL11 -> 0 | AM8: ='P-March'!B53 -> स्वच्छता | AN8: ='P-March'!C53 -> 2215 | BU8: =SUM(AP8:BT8) -> 0 | BV8: =[1]Feb!AL52 -> 75075 | BW8: ='P-March'!AL53 -> 0
B9: ='P-March'!B12 -> पाणी पुरवठा कर्मचारी वेतन | C9: ='P-March'!C12 -> २२१५-१०३-०१ | AJ9: =SUM(E9:AI9) -> 0 | AK9: =[1]Feb!AL11 -> 0 | AL9: ='P-March'!AL12 -> 0 | AM9: ='P-March'!B54 -> पाईप लाईन दुरुस्ती | AN9: ='P-March'!C54 -> २२१५-१०१-०२ | BU9: =SUM(AP9:BT9) -> 0 | BV9: =[1]Feb!AL53 -> 0 | BW9: ='P-March'!AL54 -> 0
B10: ='P-March'!B13 -> नळ पाणी पुरवठ्यातील देयकासाठी ५०% अनुदान | C10: ='P-March'!C13 -> १६०१-१०२ | AJ10: =SUM(E10:AI10) -> 0 | AK10: =[1]Feb!AL12 -> 0 | AL10: ='P-March'!AL13 -> 0 | AM10: ='P-March'!B55 -> पाणी पुरवठा नवीन कामे | AN10: ='P-March'!C55 -> ४२१५-१०२-५३ | BU10: =SUM(AP10:BT10) -> 0 | BV10: =[1]Feb!AL54 -> 15696 | BW10: ='P-March'!AL55 -> 0
B11: ='P-March'!B14 -> इतर ( वर्गणी ) | C11: ='P-March'!C14 -> 0 | AJ11: =SUM(E11:AI11) -> 0 | AK11: =[1]Feb!AL13 -> 0 | AL11: ='P-March'!AL14 -> 0 | AM11: ='P-March'!B56 -> पाणी पुरवठा कर्मचारी वेतन | AN11: ='P-March'!C56 -> २२१५-१०३-०१ | BU11: =SUM(AP11:BT11) -> 0 | BV11: =[1]Feb!AL55 -> 0 | BW11: ='P-March'!AL56 -> 0
B12: ='P-March'!B15 -> व्याज जमा | C12: ='P-March'!C15 -> ००४९-१०१ | AJ12: =SUM(E12:AI12) -> 0 | AK12: =[1]Feb!AL14 -> 0 | AL12: ='P-March'!AL15 -> 0 | AM12: ='P-March'!B57 -> पाणी मीटर / साहित्य खरेदी | AN12: ='P-March'!C57 -> २२१५-१०१-२१ | BU12: =SUM(AP12:BT12) -> 0 | BV12: =[1]Feb!AL56 -> 75300 | BW12: ='P-March'!AL57 -> 0
B13: ='P-March'!B16 -> देणगी | C13: ='P-March'!C16 -> ०५१५-८०० | AJ13: =SUM(E13:AI13) -> 0 | AK13: =[1]Feb!AL15 -> 0 | AL13: ='P-March'!AL16 -> 0 | AM13: ='P-March'!B58 -> नळमार्गाचे परीक्षण व दुरुस्ती | AN13: ='P-March'!C58 -> २२१५-१०१-२७ | BU13: =SUM(AP13:BT13) -> 0 | BV13: =[1]Feb!AL57 -> 0 | BW13: ='P-March'!AL58 -> 0
B14: ='P-March'!B17 -> इतर जमा | C14: ='P-March'!C17 -> ०५१५-८०० | AJ14: =SUM(E14:AI14) -> 0 | AK14: =[1]Feb!AL16 -> 0 | AL14: ='P-March'!AL17 -> 0 | AM14: ='P-March'!B59 -> शासकीय पाणीपट्टीचा भरणा करणे | AN14: ='P-March'!C59 -> २२१५-१०१-१४ | BU14: =SUM(AP14:BT14) -> 0 | BV14: =[1]Feb!AL58 -> 0 | BW14: ='P-March'!AL59 -> 0
B15: ='P-March'!B18 -> लिलाव (पाणी पुरवठा साहित्य ) | C15: ='P-March'!C18 -> ०५१५-८०० | AJ15: =SUM(E15:AI15) -> 0 | AK15: =[1]Feb!AL17 -> 781 | AL15: ='P-March'!AL18 -> 0 | AM15: ='P-March'!B60 -> नलिका विहिरीची देखभाल व दुरुस्ती | AN15: ='P-March'!C60 -> २२१५-१०२-२७ | BU15: =SUM(AP15:BT15) -> 0 | BV15: =[1]Feb!AL59 -> 25717 | BW15: ='P-March'!AL60 -> 0
B16: ='P-March'!B19 -> बांधकाम | C16: ='P-March'!C19 -> १६०१-१०२-५३ | AJ16: =SUM(E16:AI16) -> 0 | AK16: =[1]Feb!AL18 -> 0 | AL16: ='P-March'!AL19 -> 0 | AM16: ='P-March'!B61 -> हात पंप / वीज पंप वर्गणी | AN16: ='P-March'!C61 -> २२१५-१०२-३२ | BU16: =SUM(AP16:BT16) -> 0 | BV16: =[1]Feb!AL60 -> 7000 | BW16: ='P-March'!AL61 -> 0
... B33: ='P-March'!B36 | C33: ='P-March'!C36 | AJ33: =SUM(E33:AI33) -> 0 | AK33: =[1]Feb!AL35 -> 0 | AL33: ='P-March'!AL36 -> 0 | AM33: ='P-March'!B78 -> 0 | AN33: ='P-March'!C78 -> 0 | BU33: =SUM(AP33:BT33) -> 0 | BV33: =[1]Feb!AL77 -> 0 | BW33: ='P-March'!AL78 -> 0
B34: ='P-March'!B37 -> 0 | C34: ='P-March'!C37 -> 0 | AM34: ='P-March'!B79 | AN34: ='P-March'!C79
B35: ='P-March'!B38 -> 0 | C35: ='P-March'!C38 -> 0 | AM35: ='P-March'!B80 | AN35: ='P-March'!C80
B36: ='P-March'!B39 -> 0 | C36: ='P-March'!C39 -> 0 | AM36: ='P-March'!B81 -> 0 | AN36: ='P-March'!C81 -> 0
B37: ='P-March'!B40 -> 0 | C37: ='P-March'!C40 -> 0 | AM37: ='P-March'!B82 -> 0 | AN37: ='P-March'!C82 -> 0
B38: एकूण जमा | AH38: एकूण | AJ38: =SUM(AJ5:AJ33) -> 0 | AK38: =SUM(AK5:AK33) -> 733916 | AL38: =SUM(AL5:AL37) -> 0 | AM38: एकूण खर्च | BU38: =SUM(AP38:BT38) -> 0 | BV38: =[1]Feb!AL78 -> 1062 | BW38: =SUM(BW5:BW37) -> 1000
B39: सुरवातीची शिल्लक | AI39: वर्षारंभीची शिल्लक | AK39: ='P-March'!AK38:AL38 -> 1234 | AM39: अखेरची शिल्लक | BU39: =SUM(AP39:BT39) -> 0 | BV39: =[1]Feb!AL79 -> 72600 | BW39: ='P-March'!AK42 -> 234
AI40: महिन्यातील जमा | AK40: =AL38 -> 0 | BS40: एकूण | BU40: =SUM(BU5:BU39) -> 0 | BV40: =SUM(BV5:BV39) -> 752630 | BW40: =SUM(BW5:BW39) -> 2234
B41: एकूण एकंदर | AI41: एकूण एकंदर | AK41: =SUM(AK39:AL40) -> 1234 | AM41: एकूण एकंदर | BW41: =SUM(BW38:BW39) -> 1234
AI42: महिन्यातील खर्च | AK42: =BW40 -> 2234
AI43: अखेरची शिल्लक | AK43: =AK41-AK42 -> -1000
AK44: =SUM(AK42:AL43) -> 1234
A45: नमूना नं. ०६
A46: सन २०१७/२०१८ [ नियम १९(७), २५(१), (२) व (३), ३२(५), व (६), ३३ (२) (३) व (४) (च), ३५, ३६,(२), ३८(१), ४२(४), (ध), ६३ (२) आणि (४) पाहा ]
B47: माहे | C47: मार्च | D47: महिन्याबद्दल खर्च रक्कमांची वर्गीकृत नोंदवही | AK47: पान क्रं.
B48: ग्राम पंचायत | D48: भडणे | G48: ता. | J48: शिंदखेडा | Y48: जि. | AA48: धुळे
F76: वकील जामसिंग भिल
E77: सरकार | F77: रामसिंग जामसिंग भिल
D78: 60
D79: 61
D80: 62
D81: 63
D82: 64
D83: 65
D84: 66
D85: 67
D86: 68
D87: 68
D88: 69
D89: 70
... D118: 99
D119: 99 | E119: सरकार
D120: 100
D121: 101
D122: 102
D123: 103
D124: 104
D125: 105
D126: 106
D127: 107
D128: 108
D129: 109
D130: 110
D131: 111
... D189: 166
E216: सरकार | F216: निंबा गोरख महाले
F217: स्वतः
E218: सरकार
E219: सरकार
E220: सरकार
E221: सरकार
E222: सरकार
E223: सरकार
E224: सरकार
E225: सरकार
E226: सरकार
E227: सरकार
E228: सरकार
E229: सरकार
... E232: सरकार
F233: स्वतः
E234: सरकार
E235: सरकार
E236: सरकार
E237: सरकार
E238: सरकार
E239: सरकार
E240: सरकार
E241: सरकार
E242: सरकार
E243: सरकार
E244: सरकार
E245: सरकार
... E254: सरकार
F255: स्वतः
E256: सरकार | F256: संगीताबाई भिका धनगर
E257: सरकार
E258: सरकार
E259: सरकार
E260: सरकार
E261: सरकार
E262: सरकार
E263: सरकार
E264: सरकार
E265: सरकार
...

Sheet न.नं.५ योजना
A1: सामान्य कॅशबुक नमुना नं. ५
A2: ग्राम पंचायत | E2: ता. | H2: सन | K2: २०२१/२२
A3: जमा बाजू | O3: खर्च बाजू
A4: दिनांक | B4: पावती नंबर | C4: जमेचा तपशील | E4: लेखाशीर्ष | F4: जमा रक्कम | G4: सुरवातीच्या शिल्लक सहित रोजची एकूण जमा | H4: अदा केल्याची तारिख | I4: चेक क्र. | J4: व्हौचर क्र. | K4: अदा केल्याचा तपशील | M4: लेखाशीर्ष | N4: खर्च रक्कम | O4: अखेरच्या शिल्लक सहित रोजची एकूण रु .
C5: कोणाकडून मिळाले | D5: कोणत्या खात्यावर | K5: कोणास अदा केले | L5: कोणत्या खात्यावर
F6: आरंभीची शिल्लक | N6: 100
F7: 1000
F8: 1000 | N8: 100
F9: 10 | N9: 100
N10: 100
F11: 100
F15: 1
F19: एकूण जमा | G19: =SUM(F7:F18) -> 2111 | I19: DDC बँकेत | K19: =G31 -> 500 | M19: आजचा खर्च | O19: =SUM(N6:N18) -> 400
F20: एकूण एकंदर | G20: =G6+G19 -> 2111 | I20: बँक | K20: =G32 -> 300 | M20: अखेरची शिल्लक | O20: =O21-O19 -> 1711
I21: हाती शिल्लक | K21: =T29-K19-K20 -> 911 | M21: एकूण एकंदर | O21: =G20 -> 2111
I22: अखेरची शिल्लक | K22: =O20 -> 1711
H23: अक्षरी रक्कम रु. | K23: =IFERROR(IF(LEN(T25)>11,LMT,IF(VALUE(RIGHT(INT(T25/ABJ),2))=0,"",INDEX(MA_Num_S2G,RIGHT(INT(T25/ABJ),2)) &ABW)&IF(VALUE(RIGHT(INT(T25/KTI),2))=0,"",INDEX(MA_Num_S2G,RIGHT(INT(T25/KTI),2))&KTW)&IF(VALUE(RIGHT(INT(T25/LKS),2))=0,"",INDEX(MA_Num_S2G,RIGHT(INT(T25/LKS),2))&LKW)&IF(VALUE(RIGHT(INT(T25/HZR),2))=0,"",INDEX(MA_Num_S2G,RIGHT(INT(T25/HZR),2))&HZW)&IF(RIGHT(T25,3)="100",STK,IF(VALUE(RIGHT(INT(T25/100),1))=0,"",INDEX(MA_Num_S2G,RIGHT(INT(T25/100),1))&SHE))&IF(INT(RIGHT(T25,2))=0,"",INDEX(MA_Num_S2G,RIGHT(T25,2)))&IF(T25=0,ZRO,"")),"") -> एक हजार सातशे अकरा
T25: =K22 -> 1711
G28: 1000 | T28: =G20 -> 2111 | U28: =O20 -> 1711
T29: =K22 -> 1711
F31: DDCC बँक | G31: 500
F32: इतर बँक | G32: 300
F76: वकील जामसिंग भिल
E77: सरकार | F77: रामसिंग जामसिंग भिल
D78: 60
D79: 61
D80: 62
D81: 63
D82: 64
D83: 65
D84: 66
D85: 67
D86: 68
D87: 68
D88: 69
D89: 70
... D118: 99
D119: 99 | E119: सरकार
D120: 100
D121: 101
D122: 102
D123: 103
D124: 104
D125: 105
D126: 106
D127: 107
D128: 108
D129: 109
D130: 110
D131: 111
... D189: 166
E216: सरकार | F216: निंबा गोरख महाले
F217: स्वतः
E218: सरकार
E219: सरकार
E220: सरकार
E221: सरकार
E222: सरकार
E223: सरकार
E224: सरकार
E225: सरकार
E226: सरकार
E227: सरकार
E228: सरकार
E229: सरकार
... E232: सरकार
F233: स्वतः
E234: सरकार
E235: सरकार
E236: सरकार
E237: सरकार
E238: सरकार
E239: सरकार
E240: सरकार
E241: सरकार
E242: सरकार
E243: सरकार
E244: सरकार
E245: सरकार
... E254: सरकार
F255: स्वतः
E256: सरकार | F256: संगीताबाई भिका धनगर
E257: सरकार
E258: सरकार
E259: सरकार
E260: सरकार
E261: सरकार
E262: सरकार
E263: सरकार
E264: सरकार
E265: सरकार
E266: सरकार
E267: सरकार
E268: सरकार
... E278: सरकार
D279: 254 | E279: सरकार
D280: 255 | E280: सरकार
D281: 256 | E281: सरकार
D282: 257 | F282: स्वतः
E283: सरकार
...

Sheet Sheet1
B4: Gramnidhi_Jama | C4: Gramnidhi_kharch | D4: Panipatti_jama | E4: Panipatti_kharch
B5: निवासी इमारतीवरील कर | C5: सरपंच मानधन | D5: जनरल पाणीपट्टी | E5: कर्मचारी वेतन
B6: अनिवासी इमारती, खुल्या ( अकृषक ) जागेवरील कर | C6: सदस्य बैठक भत्ता | D6: स्पेशल पाणीपट्टी | E6: कर्मचारी प्रवास भत्ता
B7: दिवाबत्ती | C7: सदस्य / सरपंच प्रवास भत्ता | D7: पाणी पुरवठा | E7: दुरुस्ती व देखभाल
B8: स्वच्छता कर | C8: कर्मचारी वेतन | D8: पाईप लाईन दुरुस्ती | E8: स्वच्छता
B9: दुकाने, लघु उद्योग व हॉटेल चालविणे यावरील कर | C9: कर्मचारी प्रवास भत्ता | D9: पाणी पुरवठा नवीन कामे | E9: पाईप लाईन दुरुस्ती
B10: यात्रा कर | C10: कार्यालयीन खर्च | D10: पाणी पुरवठा कर्मचारी वेतन | E10: पाणी पुरवठा नवीन कामे
B11: जत्रा व उत्सव कर | C11: दुरुस्ती व देखभाल | D11: पाणी मीटर / साहित्य खरेदी | E11: पाणी पुरवठा कर्मचारी वेतन
B12: इतर ( वर्गणी ) | C12: स्वच्छता | D12: नळमार्गाचे परीक्षण व दुरुस्ती | E12: पाणी मीटर / साहित्य खरेदी
B13: बाजार फी | C13: ( ब ) रस्त्यावरील दिवाबत्ती | D13: शासकीय पाणीपट्टीचा भरणा करणे | E13: नळमार्गाचे परीक्षण व दुरुस्ती
B14: जमीन भाडेपट्टी | C14: ( क ) कार्यालय | D14: नलिका विहिरीची देखभाल व दुरुस्ती | E14: शासकीय पाणीपट्टीचा भरणा करणे
B15: व्याज जमा | C15: पथ दिवाबत्ती, साहित्य व इतर | D15: हात पंप / वीज पंप वर्गणी | E15: नलिका विहिरीची देखभाल व दुरुस्ती
... B29: इतर | C29: अपंग कल्याण | D29: केंद्र शासन कर्ज | E29: अग्रिम / अनामत
B30: आमदार निधी | C30: कर्म. भविष्य निर्वाह निधी | E30: ठेवी
B31: खासदार निधी | C31: मानधन, किमान वेतन व बैठक भत्ता व अल्पोपहार | E31: राज्य शासन कर्जे, हफ्ता व व्याज प्रदाने
B32: २५१५ स्थानिक विकास निधी | C32: आमदार निधी | E32: केंद्र शासन कर्जे, हफ्ता व व्याज प्रदाने
B33: अनामत / प्रतीभुती | C33: खासदार निधी | E33: इतर
B34: ठेवी | C34: अग्रिम / अनामत | E34: अनामत / प्रतीभुती
C35: ठेवी | E35: बँक चार्जेस
C36: अनामत / प्रतीभुती | E36: वर्ग रकमा
C37: बँक चार्जेस
C38: वर्ग रकमा
C39: सिमेंट रस्ता तयार करणे
C40: अमरधाम बांधकाम करणे
C41: पेव्हर ब्लॉक बसविणे

Sheet न.नं.५ पा. पु
A1: सामान्य कॅशबुक नमुना नं. ५
A2: ग्राम पंचायत | J2: ता. | M2: सन | P2: २०२१/२२
A3: जमा बाजू | T3: खर्च बाजू
A4: दिनांक | B4: पावती क्र. | C4: कोणाकडून मिळाले | D4: जमेचा तपशील | J4: लेखाशीर्ष | K4: जमा रक्कम | L4: सुरवातीच्या शिल्लक सहित रोजची एकूण जमा | M4: अदा केल्याची तारिख | N4: चेक क्र. | O4: व्हौचर क्र. | P4: अदा केल्याचा तपशील | R4: लेखाशीर्ष | S4: खर्च रक्कम | T4: अखेरच्या शिल्लक सहित रोजची एकूण रु .
D5: जनरल पाणी पट्टी | G5: स्पेशल पाणी पट्टी
D6: मागील | E6: चालू | F6: एकूण | G6: मागील | H6: चालू | I6: एकूण | P6: कोणास अदा केले | Q6: कोणत्या खात्यावर
F7: =D7+E7 -> 0 | I7: =G7+H7 -> 0 | K7: आरंभीची शिल्लक
F8: =D8+E8 -> 0 | I8: =G8+H8 -> 0 | K8: =F8+I8 -> 0
F9: =D9+E9 -> 0 | I9: =G9+H9 -> 0 | K9: =F9+I9 -> 0
F10: =D10+E10 -> 0 | I10: =G10+H10 -> 0 | K10: =F10+I10 -> 0
F11: =D11+E11 -> 0 | I11: =G11+H11 -> 0 | K11: =F11+I11 -> 0
D12: 1000 | F12: =D12+E12 -> 1000 | I12: =G12+H12 -> 0 | K12: =F12+I12 -> 1000
F13: =D13+E13 -> 0 | I13: =G13+H13 -> 0 | K13: =F13+I13 -> 0
F14: =D14+E14 -> 0 | I14: =G14+H14 -> 0 | K14: =F14+I14 -> 0
F15: =D15+E15 -> 0 | I15: =G15+H15 -> 0 | K15: =F15+I15 -> 0
F16: =D16+E16 -> 0 | I16: =G16+H16 -> 0 | K16: =F16+I16 -> 0
F17: =D17+E17 -> 0 | I17: =G17+H17 -> 0 | K17: =F17+I17 -> 0
F18: =D18+E18 -> 0 | I18: =G18+H18 -> 0 | K18: =F18+I18 -> 0
C19: एकूण | D19: =SUM(D7:D18) -> 1000 | E19: =SUM(E7:E18) -> 0 | F19: =SUM(F7:F18) -> 1000 | G19: =SUM(G7:G18) -> 0 | H19: =SUM(H7:H18) -> 0 | I19: =SUM(I7:I18) -> 0
K20: एकूण जमा | L20: =SUM(K8:K19) -> 1000 | N20: DDCबँकेत | P20: =L33 -> 500 | R20: आजचा खर्च | T20: =SUM(S7:S19) -> 0
K21: एकूण एकंदर | L21: =L7+L20 -> 1000 | N21: बँक | P21: =L34 -> 300 | R21: अखेरची शिल्लक | T21: =T22-T20 -> 1000
N22: हाती शिल्लक | P22: =Y29-P20-P21 -> 200 | R22: एकूण एकंदर | T22: =L21 -> 1000
N23: अखेरची शिल्लक | P23: =T21 -> 1000
M24: अक्षरी रक्कम रु. | P24: =IFERROR(IF(LEN(AC26)>11,LMT,IF(VALUE(RIGHT(INT(AC26/ABJ),2))=0,"",INDEX(MA_Num_S2G,RIGHT(INT(AC26/ABJ),2)) &ABW)&IF(VALUE(RIGHT(INT(AC26/KTI),2))=0,"",INDEX(MA_Num_S2G,RIGHT(INT(AC26/KTI),2))&KTW)&IF(VALUE(RIGHT(INT(AC26/LKS),2))=0,"",INDEX(MA_Num_S2G,RIGHT(INT(AC26/LKS),2))&LKW)&IF(VALUE(RIGHT(INT(AC26/HZR),2))=0,"",INDEX(MA_Num_S2G,RIGHT(INT(AC26/HZR),2))&HZW)&IF(RIGHT(AC26,3)="100",STK,IF(VALUE(RIGHT(INT(AC26/100),1))=0,"",INDEX(MA_Num_S2G,RIGHT(INT(AC26/100),1))&SHE))&IF(INT(RIGHT(AC26,2))=0,"",INDEX(MA_Num_S2G,RIGHT(AC26,2)))&IF(AC26=0,ZRO,"")),"") -> एक हजार
AC26: =P23 -> 1000
L28: 0 | Y28: =L21 -> 1000 | Z28: =T21 -> 1000
Y29: =P23 -> 1000
K33: DDCC बँक | L33: 500
K34: इतर बँक | L34: 300
F76: वकील जामसिंग भिल
E77: सरकार | F77: रामसिंग जामसिंग भिल
D78: 60
D79: 61
D80: 62
D81: 63
D82: 64
D83: 65
D84: 66
D85: 67
D86: 68
D87: 68
D88: 69
D89: 70
... D118: 99
D119: 99 | E119: सरकार
D120: 100
D121: 101
D122: 102
D123: 103
D124: 104
D125: 105
D126: 106
D127: 107
D128: 108
D129: 109
D130: 110
D131: 111
... D189: 166
E216: सरकार | F216: निंबा गोरख महाले
F217: स्वतः
E218: सरकार
E219: सरकार
E220: सरकार
E221: सरकार
E222: सरकार
E223: सरकार
E224: सरकार
E225: सरकार
E226: सरकार
E227: सरकार
E228: सरकार
E229: सरकार
... E232: सरकार
F233: स्वतः
E234: सरकार
E235: सरकार
E236: सरकार
E237: सरकार
E238: सरकार
E239: सरकार
E240: सरकार
E241: सरकार
E242: सरकार
E243: सरकार
E244: सरकार
E245: सरकार
... E254: सरकार
F255: स्वतः
E256: सरकार | F256: संगीताबाई भिका धनगर
E257: सरकार
E258: सरकार
E259: सरकार
E260: सरकार
E261: सरकार
E262: सरकार
E263: सरकार
E264: सरकार
E265: सरकार
E266: सरकार
E267: सरकार
...

Sheet न. नं. ५ GN
A1: सामान्य कॅशबुक नमुना नं. ५
A2: ग्राम पंचायत | M2: ता. | P2: सन | S2: २०२१/२२
A3: जमा बाजू | W3: खर्च बाजू
A4: दिनांक | B4: पावती क्र. | C4: कोणाकडून मिळाले | D4: जमेचा तपशील | M4: लेखाशीर्ष | N4: जमा रक्कम | O4: सुरवातीच्या शिल्लक सहित रोजची एकूण जमा | P4: अदा केल्याची तारिख | Q4: चेक क्र. | R4: व्हौचर क्र. | S4: अदा केल्याचा तपशील | U4: लेखाशीर्ष | V4: खर्च रक्कम | W4: अखेरच्या शिल्लक सहित रोजची एकूण रु .
D5: घरपट्टी | G5: आरोग्य कर | J5: दिवाबत्ती
D6: मागील | E6: चालू | F6: एकूण | G6: मागील | H6: चालू | I6: एकूण | J6: मागील | K6: चालू | L6: एकूण | S6: कोणास अदा केले | T6: कोणत्या खात्यावर
F7: =D7+E7 -> 0 | I7: =G7+H7 -> 0 | L7: =J7+K7 -> 0 | N7: आरंभीची शिल्लक
F8: =D8+E8 -> 0 | I8: =G8+H8 -> 0 | L8: =J8+K8 -> 0 | N8: =I8+L8+F8 -> 0
F9: =D9+E9 -> 0 | I9: =G9+H9 -> 0 | L9: =J9+K9 -> 0 | N9: =I9+L9+F9 -> 0
E10: 1000 | F10: =D10+E10 -> 1000 | I10: =G10+H10 -> 0 | L10: =J10+K10 -> 0 | N10: =I10+L10+F10 -> 1000
F11: =D11+E11 -> 0 | I11: =G11+H11 -> 0 | L11: =J11+K11 -> 0 | N11: =I11+L11+F11 -> 0
F12: =D12+E12 -> 0 | I12: =G12+H12 -> 0 | L12: =J12+K12 -> 0 | N12: =I12+L12+F12 -> 0
F13: =D13+E13 -> 0 | I13: =G13+H13 -> 0 | L13: =J13+K13 -> 0 | N13: =I13+L13+F13 -> 0
F14: =D14+E14 -> 0 | I14: =G14+H14 -> 0 | L14: =J14+K14 -> 0 | N14: =I14+L14+F14 -> 0
F15: =D15+E15 -> 0 | I15: =G15+H15 -> 0 | L15: =J15+K15 -> 0 | N15: =I15+L15+F15 -> 0
F16: =D16+E16 -> 0 | I16: =G16+H16 -> 0 | L16: =J16+K16 -> 0 | N16: =I16+L16+F16 -> 0
F17: =D17+E17 -> 0 | I17: =G17+H17 -> 0 | L17: =J17+K17 -> 0 | N17: =I17+L17+F17 -> 0
F18: =D18+E18 -> 0 | I18: =G18+H18 -> 0 | L18: =J18+K18 -> 0 | N18: =I18+L18+F18 -> 0
C19: एकूण | D19: =SUM(D7:D18) -> 0 | E19: =SUM(E7:E18) -> 1000 | F19: =SUM(F7:F18) -> 1000 | G19: =SUM(G7:G18) -> 0 | H19: =SUM(H7:H18) -> 0 | I19: =SUM(I7:I18) -> 0 | J19: =SUM(J7:J18) -> 0 | K19: =SUM(K7:K18) -> 0 | L19: =SUM(L7:L18) -> 0
N20: एकूण जमा | O20: =SUM(N8:N19) -> 1000 | Q20: DDC बँकेत | S20: =O28 -> 500 | U20: आजचा खर्च | W20: =SUM(V7:V19) -> 0
N21: एकूण एकंदर | O21: =O7+O20 -> 1000 | Q21: बँक | S21: =O29 -> 300 | U21: अखेरची शिल्लक | W21: =W22-W20 -> 1000
Q22: हाती शिल्लक | S22: =AB31-S20-S21 -> 200 | U22: एकूण एकंदर | W22: =O21 -> 1000
Q23: अखेरची शिल्लक | S23: =W21 -> 1000
P24: अक्षरी रक्कम रु. | S24: =IFERROR(IF(LEN(AI27)>11,LMT,IF(VALUE(RIGHT(INT(AI27/ABJ),2))=0,"",INDEX(MA_Num_S2G,RIGHT(INT(AI27/ABJ),2)) &ABW)&IF(VALUE(RIGHT(INT(AI27/KTI),2))=0,"",INDEX(MA_Num_S2G,RIGHT(INT(AI27/KTI),2))&KTW)&IF(VALUE(RIGHT(INT(AI27/LKS),2))=0,"",INDEX(MA_Num_S2G,RIGHT(INT(AI27/LKS),2))&LKW)&IF(VALUE(RIGHT(INT(AI27/HZR),2))=0,"",INDEX(MA_Num_S2G,RIGHT(INT(AI27/HZR),2))&HZW)&IF(RIGHT(AI27,3)="100",STK,IF(VALUE(RIGHT(INT(AI27/100),1))=0,"",INDEX(MA_Num_S2G,RIGHT(INT(AI27/100),1))&SHE))&IF(INT(RIGHT(AI27,2))=0,"",INDEX(MA_Num_S2G,RIGHT(AI27,2)))&IF(AI27=0,ZRO,"")),"") -> एक हजार
AI27: =S23 -> 1000
N28: DDCC बँक | O28: 500
N29: इतर बँक | O29: 300
AB30: =O21 -> 1000 | AC30: =W21 -> 1000
AB31: =S23 -> 1000
F76: वकील जामसिंग भिल
E77: सरकार | F77: रामसिंग जामसिंग भिल
D78: 60
D79: 61
D80: 62
D81: 63
D82: 64
D83: 65
D84: 66
D85: 67
D86: 68
D87: 68
D88: 69
D89: 70
... D118: 99
D119: 99 | E119: सरकार
D120: 100
D121: 101
D122: 102
D123: 103
D124: 104
D125: 105
D126: 106
D127: 107
D128: 108
D129: 109
D130: 110
D131: 111
... D189: 166
E216: सरकार | F216: निंबा गोरख महाले
F217: स्वतः
E218: सरकार
E219: सरकार
E220: सरकार
E221: सरकार
E222: सरकार
E223: सरकार
E224: सरकार
E225: सरकार
E226: सरकार
E227: सरकार
E228: सरकार
E229: सरकार
... E232: सरकार
F233: स्वतः
E234: सरकार
E235: सरकार
E236: सरकार
E237: सरकार
E238: सरकार
E239: सरकार
E240: सरकार
E241: सरकार
E242: सरकार
E243: सरकार
E244: सरकार
E245: सरकार
... E254: सरकार
F255: स्वतः
E256: सरकार | F256: संगीताबाई भिका धनगर
E257: सरकार
E258: सरकार
E259: सरकार
E260: सरकार
E261: सरकार
E262: सरकार
E263: सरकार
E264: सरकार
E265: सरकार
E266: सरकार
E267: सरकार
...

Sheet न.८ साठीचे दर
A1: बांधकाम प्रकार | B1: किमान | C1: कमाल | D1: जमिनीचे दर | E1: बांधकाम दर | F1: नवीन बांधकाम दर
A2: 1 | B2: 2 | C2: 3 | D2: 4 | E2: 5 | H2: सुचना | AM2: अंकुश आणा भिल
A3: झोपडी किंवा मातीचे घर | B3: 0.4 | C3: 0.75 | D3: 480 | E3: 6930 | F3: 6403 | H3: १ ) बांधकाम प्रकार मधील किमान दर यामध्ये सोयीनुसार दर टाकणे | AM3: अंगणवाडी
A4: दगड विटांचे मातीचे घर | B4: 0.7 | C4: 1.2 | D4: 480 | E4: 9240 | F4: 9979 | H4: २) जमिनीचे दर यामध्ये सर्व प्रकाराकरिता स्थानिक एकच दर असतो तो टाकावा | AM4: अंगणवाडी इमारत
A5: दगड विटांचे चुना किंवा सिमेंटचे पक्के घर | B5: 0.75 | C5: 1.5 | D5: 480 | E5: 13860 | F5: 14137 | H5: ३ ) बांधकामाचे दर यामध्ये स्थानिक विभाग नुसार दर टाकावे | AM5: अंगणवाडी इमारत राखीव जागा
A6: नवीन आर सी सी पद्धतीचे घर | B6: 1.2 | C6: 2 | D6: 480 | E6: 15400 | F6: 17424 | H6: ४) बखळ किंवा पडसर जागेसाठी बांधकाम दर हा ० राहू द्यावा | AM6: अंजाबाई रामा ठेलारी
A7: बखळ किंवा पडसर जागा | B7: 2.5 | C7: 5 | D7: 480 | E7: 0 | H7: ५ ) खाली घसारा दर मध्ये कोणताही बदल करू नये | AM7: अंताबाई धुडकू भिल
AM8: अंबर चंद्रा भिल
A9: Column1 | B9: Column2 | C9: Column3 | D9: Column4 | AM9: अकुबाई नारायण वंजारी
A10: ० ते २ वर्ष | B10: 1 | C10: 1 | D10: 1 | AM10: अक्षय राजेंद्र वाघ
A11: २ पेक्षा जास्त व ५ वर्ष पर्यंत | B11: 0.95 | C11: 0.95 | D11: 0.95 | AM11: अजय पंढरीनाथ माळी
A12: ५ पेक्षा जास्त व १० वर्ष पर्यंत | B12: 0.85 | C12: 0.9 | D12: 0.9 | AM12: अनिताबाई गोकुळ वंजारी
A13: १० पेक्षा जास्त व २० वर्ष पर्यंत | B13: 0.75 | C13: 0.8 | D13: 0.75 | AM13: अनिल तुकाराम देवरे
A14: २० पेक्षा जास्त व ३० वर्ष पर्यंत | B14: 0.6 | C14: 0.7 | D14: 0.6 | AM14: अभिमन हरचंद्र सोनवणे
A15: ३० पेक्षा जास्त व ४० वर्ष पर्यंत | B15: 0.45 | C15: 0.6 | D15: 0.45 | AM15: अभिषेक गोरख बिरारीस
A16: ४० पेक्षा जास्त व ५० वर्ष पर्यंत | B16: 0.3 | C16: 0.5 | D16: 0.3 | AM16: अमरधाम
A17: ५० पेक्षा जास्त व ६० वर्ष पर्यंत | B17: 0.2 | C17: 0.4 | D17: 0.2 | AM17: अमरसिंग बंधू वंजारी
A18: ६० वर्षापेक्षा जास्त | B18: 0.15 | C18: 0.3 | D18: 0.15 | AM18: अरुण ओंकार पिंपळे रंजनाबाई ऑन पिंपळे
AM19: अर्चना मनोज पाटील
AM20: अर्जुन बापू शिरसाठ जसोदाबाई अर्जुन शिरसाठ
AM21: अलकाबाई बापू पाटील
AM22: अशोक दगा पारधी
AM23: अहिल्याबाई तानाजी कन्होरे
AM24: आक्काबाई लहानू सरक
AM25: आखडू दशरथ भिल
AM26: आण्णा गणपत भिल
AM27: आण्णा भटू ठेलारी
AM28: आत्माराम भागा खांडेकर
AM29: आधार वंजी मोरे
AM30: आनंदा महादू भदाणे
... AM75: किसन रघुनाथ वाघ
F76: वकील जामसिंग भिल | AM76: केवलबाई गोपीचंद बागुल
E77: सरकार | F77: रामसिंग जामसिंग भिल | AM77: कैलास बंडू ठेलारी
D78: 60 | AM78: कोशऱ्या दशरथ भिल
D79: 61 | AM79: कौशल्याबाई पदम वंजारी
D80: 62 | AM80: कौसाबाई गटा पाटील
D81: 63 | AM81: खटाबाई लक्ष्मण हाल्लोर
D82: 64 | AM82: खिमा सोनू वंजारी
D83: 65 | AM83: गंगा दशरथ भिल
D84: 66 | AM84: गंगाबाई देविदास भिल
D85: 67 | AM85: गंगाबाई रामा हरिजन
D86: 68 | AM86: गंगुबाई अशोक चव्हाण
D87: 68 | AM87: गजाबाई तुकाराम ठेलारी
D88: 69 | AM88: गयाबाई नाना मारनर
D89: 70 | AM89: गरदाल नंदू वंजारी
... D118: 99 | AM118: छगन आनंदा वंजारी
D119: 99 | E119: सरकार
D120: 100 | AM120: छगन मंगा वंजारी
D121: 101 | AM121: छगन मंगा वानाज्री
D122: 102 | AM122: छगन सैल्या पिंपळे
D123: 103 | AM123: छोतीराम चंदू वंजारी
D124: 104 | AM124: जगन महारु वंजारी
D125: 105 | AM125: जगन मुन्ना वंजारी
D126: 106 | AM126: जगन लखा देवरे
D127: 107 | AM127: जगन्नाथ वंजी माळी
D128: 108 | AM128: जयदेव पंडित बागुल
D129: 109 | AM129: जयसिंग नारायण वंजारी
D130: 110 | AM130: जयसिंग नारायण वंजारी / राजेंद्र चरणसिंग राठोड
D131: 111 | AM131: जाण्या श्याना भिल
... D151: 130 | AM151: ठगुबाई शिवाजी भदाणे
AM152: तहानु विठ्ठल मारनर
AM153: ताईबाई उमरसिंग राठोड
AM154: ताईबाई मक्राम वंजारी
AM155: तातू भटू गोयकर
AM156: तानकू तुकडू भिल
AM157: तापाबाई नाथू गोयकर
AM158: ताराबाई दयाराम पारधी
AM159: ताराबाई बाळू पिंपळे
AM160: तिरशिंग केशऱ्या जगताप
AM161: तुकाराम भागा खांडेकर
AM162: तुकाराम रघु सुसाडे
AM163: त्र्यंबक गोजू मारनर
... AM176: दाजभाऊ विठ्ठल पाटील
D177: 155 | AM177: दादाभाई मक्राम चव्हाण
D178: 156 | AM178: दादाभाई राजाराम बागुल
D179: 157 | AM179: दादाभाऊ रामभाऊ माळी
D180: 158 | AM180: दिगंबर दगा हरिजन द्वारकाबाई दिगंबर हरिजन
D181: 159 | AM181: दिनेश गोकुळ जाधव
D182: 160 | AM182: दिनेश चिंतामण भिल
D183: 161 | AM183: दिनेश हरी पवार
D184: 162 | AM184: दिपक धनजी ठेलारी
D185: 163 | AM185: दिलीप चुनीलाल जैन
D186: 164 | AM186: दिलीप तानाजी कन्होर
D187: 165 | AM187: दिलीप दगा चव्हाण
AM188: दिलीप नामदेव वाघ
D189: 166 | AM189: दिलीप भगवान बोरकर
AM190: दिलीप सखाराम भिल
AM191: दीपक प्रताप भिल
AM192: दीपक भिला माळी
AM193: दुर्गाबाई बन्सीलाल माळी
AM194: दुर्गाबाई मोहन पवार
AM195: देवमन हिरामण जगताप
AM196: देवराम आनंदा माळी
AM197: देवा पिरू भिल
AM198: देविदास चत्रू वंजारी
AM199: देशमुख अमरसिंग वंजारी
AM200: देशमुख रतन पवार
AM201: दोधा काशिराम भिल
... AM215: नबाबाई दामू महिरे
E216: सरकार | F216: निंबा गोरख महाले | AM216: नलाबाई काळू ठेलारी
...

Sheet नमुना ८
A1: नमुना नंबर. ८
A2: नियम ३२ (१) | AY2: ० ते २ वर्ष | BH2: झोपडी किंवा मातीचे घर
A3: सन २०२१/२२ ते २०२४/२५ या वर्षासाठी आकारणी नोंदवही | AY3: २ पेक्षा जास्त व ५ वर्ष पर्यंत | BH3: दगड विटांचे मातीचे घर
E4: ग्रामपंचायत | F4: ='मुख्य पान '!E2 -> बळसाणे | H4: ता. | I4: ='मुख्य पान '!I2 -> साक्री | P4: जि. | Q4: ='मुख्य पान '!M2 -> धुळे | AY4: १० पेक्षा जास्त व २० वर्ष पर्यंत | BH4: नवीन आर सी सी पद्धतीचे घर
T5: =IFERROR(#REF!/1000*S10,"") | AY5: २० पेक्षा जास्त व ३० वर्ष पर्यंत | BH5: बखळ किंवा पडसर जागा
A6: अ.नं. | B6: रस्त्याचे नाव | C6: सिटी सर्व्हे नं | D6: मालमत्ता क्रमांक | E6: मालकाचे नाव. | F6: भोगवटदाराचे नाव | G6: मालमत्तेचे वर्णन | H6: मिळकत बांधकामाचे वर्ष | I6: लांबी (फुट) | J6: रुंदी (फुट) | K6: क्षेत्रफळ चौ.फुट | L6: क्षेत्रफळ चौ.मी. | M6: रेडीरेकनर दर प्रती चौ मी. (रुपये) | P6: घसारा दर | Q6: ईमारतीच्या वापरानुसार भारांक | R6: भांडवली मुल्य (रुपये) | S6: कराचा दर (पैसे) | T6: कराची रक्कम | Y6: अपिलाचे निकाल व त्यानंतर केलेले फेरफार | AD6: नंतर वाढ किवा घट झालेल्या बाबतीत आदेशाच्या संदर्भात शेरा. | AY6: ३० पेक्षा जास्त व ४० वर्ष पर्यंत
AY7: ४० पेक्षा जास्त व ५० वर्ष पर्यंत
M8: जमीन | N8: ईमारत | O8: बांधकाम | T8: घरपट्टी | U8: दिवाबत्ती | V8: आरोग्य | W8: पाणीपट्टी | X8: एकुण | Y8: घरपट्टी | Z8: दिवाबत्ती | AA8: आरोग्य | AB8: पाणीपट्टी | AC8: एकुण | AY8: ५० पेक्षा जास्त व ६० वर्ष पर्यंत
A9: 1 | B9: 2 | C9: 3 | D9: 4 | E9: 5 | G9: 7 | H9: 8 | M9: 10 | N9: 11 | O9: 12 | P9: 13 | Q9: 14 | R9: 15 | S9: 16 | T9: 17 | U9: 18 | V9: 19 | W9: 20 | X9: 21 | Y9: 22 | Z9: 23 | AA9: 24 | AB9: 25 | AC9: 26 | AD9: 27 | AY9: ६० वर्षापेक्षा जास्त
A10: 1 | D10: 1 | E10: मशिद | F10: स्वता | G10: दगड विटांचे मातीचे घर | H10: ४० पेक्षा जास्त व ५० वर्ष पर्यंत | I10: 56 | J10: 54 | L10: =K10/10.764 -> 0 | M10: =IFERROR(VLOOKUP(G10,RateB,4,TRUE),"") -> 480 | O10: =IFERROR(VLOOKUP(G10,RateB,5,TRUE),"") -> 13860 | P10: =IFERROR(VLOOKUP(H10,Demand,2,TRUE),"") -> 0.3 | Q10: 1 | R10: =IFERROR((L10*M10)+(L10*O10*P10)*Q10,"") -> 0 | S10: =IFERROR(VLOOKUP(G10,Rate,2,0),"") -> 0.7 | T10: =IFERROR(R10*S10/1000,"") -> 0 | U10: 25 | V10: 25 | W10: 360 | X10: =IFERROR(T10+U10+V10+W10,"") -> 410 | AL10: विटा, मातीचे बांधकाम, मंगलोरी कौलारु घर.
A11: 2 | D11: 2 | E11: शेख अब्दुल शेख दगू | F11: स्वतः | G11: बखळ किंवा पडसर जागा | H11: ४० पेक्षा जास्त व ५० वर्ष पर्यंत | I11: 43 | J11: 17 | K11: =I11*J11 -> 731 | L11: =K11/10.764 -> 67.911557 | M11: =IFERROR(VLOOKUP(G11,RateB,4,TRUE),"") -> 480 | O11: =IFERROR(VLOOKUP(G11,RateB,5,TRUE),"") -> 0 | P11: =IFERROR(VLOOKUP(H11,Demand,2,TRUE),"") -> 0.3 | Q11: 1 | R11: =IFERROR((L11*M11)+(L11*O11*P11)*Q11,"") -> 32597.547 | S11: =IFERROR(VLOOKUP(G11,Rate,2,0),"") -> 2.5 | T11: =IFERROR(R11*S11/1000,"") -> 81.493868 | U11: 10 | V11: 10 | W11: 0 | X11: =IFERROR(T11+U11+V11+W11,"") -> 101.49387 | AL11: विटा, मातीचे बांधकाम, मंगलोरी कौलारु घर.
A12: 3 | D12: 3 | E12: तुकाराम महादू मासुळे | F12: स्वतः | G12: दगड विटांचे मातीचे घर | H12: ५० पेक्षा जास्त व ६० वर्ष पर्यंत | I12: 43 | J12: 15 | K12: =I12*J12 -> 645 | L12: =K12/10.764 -> 59.921962 | M12: =IFERROR(VLOOKUP(G12,RateB,4,TRUE),"") -> 480 | O12: =IFERROR(VLOOKUP(G12,RateB,5,TRUE),"") -> 13860 | P12: =IFERROR(VLOOKUP(H12,Demand,2,TRUE),"") -> 0.2 | Q12: 1 | R12: =IFERROR((L12*M12)+(L12*O12*P12)*Q12,"") -> 194866.22 | S12: =IFERROR(VLOOKUP(G12,Rate,2,0),"") -> 0.7 | T12: =IFERROR(R12*S12/1000,"") -> 136.40635 | U12: 0 | V12: 0 | W12: 0 | X12: =IFERROR(T12+U12+V12+W12,"") -> 136.40635 | AL12: विटा,सिमेंट,वाळुचे बंधकाम सिमेंट पत्र्याचे सौचालयासह पक्के घर
A13: 4 | D13: 4 | E13: शे.शामसादिक अहमद | F13: स्वतः | G13: झोपडी किंवा मातीचे घर | H13: ५० पेक्षा जास्त व ६० वर्ष पर्यंत | I13: 43 | J13: 16 | K13: =I13*J13 -> 688 | L13: =K13/10.764 -> 63.91676 | M13: =IFERROR(VLOOKUP(G13,RateB,4,TRUE),"") -> 480 | O13: =IFERROR(VLOOKUP(G13,RateB,5,TRUE),"") -> 6930 | P13: =IFERROR(VLOOKUP(H13,Demand,2,TRUE),"") -> 0.2 | Q13: 1 | R13: =IFERROR((L13*M13)+(L13*O13*P13)*Q13,"") -> 119268.67 | S13: =IFERROR(VLOOKUP(G13,Rate,2,0),"") -> 0.4 | T13: =IFERROR(R13*S13/1000,"") -> 47.707469 | U13: 25 | V13: 25 | W13: 360 | X13: =IFERROR(T13+U13+V13+W13,"") -> 457.70747 | AL13: विटा, मातीचे बांधकाम, कौलारु घर.
K14: =I14*J14 -> 0 | L14: =K14/10.764 -> 0 | M14: =IFERROR(VLOOKUP(G14,RateB,4,TRUE),"") | O14: =IFERROR(VLOOKUP(G14,RateB,5,TRUE),"") | P14: =IFERROR(VLOOKUP(H14,Demand,2,TRUE),"") | Q14: 1 | R14: =IFERROR((L14*M14)+(L14*O14*P14)*Q14,"") | S14: =IFERROR(VLOOKUP(G14,Rate,2,0),"") | T14: =IFERROR(R14*S14/1000,"") | U14: 25 | V14: 25 | W14: 360 | X14: =IFERROR(T14+U14+V14+W14,"") | AL14: बखळ किंवा पडसर जागा
A15: 5 | D15: 5 | E15: लक्ष्मन तुकाराम मासुळे | F15: स्वतः | G15: बखळ किंवा पडसर जागा | H15: ५० पेक्षा जास्त व ६० वर्ष पर्यंत | I15: 43 | J15: 8 | K15: =I15*J15 -> 344 | L15: =K15/10.764 -> 31.95838 | M15: =IFERROR(VLOOKUP(G15,RateB,4,TRUE),"") -> 480 | O15: =IFERROR(VLOOKUP(G15,RateB,5,TRUE),"") -> 0 | P15: =IFERROR(VLOOKUP(H15,Demand,2,TRUE),"") -> 0.2 | Q15: 1 | R15: =IFERROR((L15*M15)+(L15*O15*P15)*Q15,"") -> 15340.022 | T15: =IFERROR(R15*S15/1000,"") | U15: 0 | V15: 0 | W15: 0 | X15: =IFERROR(T15+U15+V15+W15,"")
A16: 6 | D16: 5 | E16: वना श्रीराम पद्मोर | F16: स्वतः | G16: बखळ किंवा पडसर जागा | I16: 43 | J16: 8 | K16: =I16*J16 -> 344 | L16: =K16/10.764 -> 31.95838 | M16: =IFERROR(VLOOKUP(G16,RateB,4,TRUE),"") -> 480 | O16: =IFERROR(VLOOKUP(G16,RateB,5,TRUE),"") -> 0 | P16: =IFERROR(VLOOKUP(H16,Demand,2,TRUE),"") | Q16: 1 | R16: =IFERROR((L16*M16)+(L16*O16*P16)*Q16,"") | S16: =IFERROR(VLOOKUP(G16,Rate,2,0),"") -> 2.5 | T16: =IFERROR(R16*S16/1000,"") | U16: 25 | V16: 25 | W16: 360 | X16: =IFERROR(T16+U16+V16+W16,T16)
A17: 7 | D17: 6 | E17: अर्स्तोलबाई शानाभाऊ मासुळे | F17: स्वतः | G17: झोपडी किंवा मातीचे घर | H17: ५० पेक्षा जास्त व ६० वर्ष पर्यंत | I17: 43 | J17: 15 | K17: =I17*J17 -> 645 | L17: =K17/10.764 -> 59.921962 | M17: =IFERROR(VLOOKUP(G17,RateB,4,TRUE),"") -> 480 | O17: =IFERROR(VLOOKUP(G17,RateB,5,TRUE),"") -> 6930 | P17: =IFERROR(VLOOKUP(H17,Demand,2,TRUE),"") -> 0.2 | Q17: 1 | R17: =IFERROR((L17*M17)+(L17*O17*P17)*Q17,"") -> 111814.38 | S17: =IFERROR(VLOOKUP(G17,Rate,2,0),"") -> 0.4 | T17: =IFERROR(R17*S17/1000,"") -> 44.725753 | U17: 25 | V17: 25 | W17: 360 | X17: =IFERROR(T17+U17+V17+W17,"") -> 454.72575
A18: 8 | D18: 7 | E18: शानाभाऊ लाला मासुळे | F18: स्वतः | G18: झोपडी किंवा मातीचे घर | H18: ५० पेक्षा जास्त व ६० वर्ष पर्यंत | I18: 43 | J18: 7 | K18: =I18*J18 -> 301 | L18: =K18/10.764 -> 27.963582 | M18: =IFERROR(VLOOKUP(G18,RateB,4,TRUE),"") -> 480 | O18: =IFERROR(VLOOKUP(G18,RateB,5,TRUE),"") -> 6930 | P18: =IFERROR(VLOOKUP(H18,Demand,2,TRUE),"") -> 0.2 | Q18: 1 | R18: =IFERROR((L18*M18)+(L18*O18*P18)*Q18,"") -> 52180.045 | S18: =IFERROR(VLOOKUP(G18,Rate,2,0),"") -> 0.4 | T18: =IFERROR(R18*S18/1000,"") -> 20.872018 | U18: 25 | V18: 25 | W18: 360 | X18: =IFERROR(T18+U18+V18+W18,"") -> 430.87202
A19: 9 | D19: 8 | E19: रत्नाबाई बापू पाटील | F19: स्वतः | G19: दगड विटांचे मातीचे घर | H19: ५० पेक्षा जास्त व ६० वर्ष पर्यंत | K19: =I19*J19 -> 0 | L19: =K19/10.764 -> 0 | M19: =IFERROR(VLOOKUP(G19,RateB,4,TRUE),"") -> 480 | O19: =IFERROR(VLOOKUP(G19,RateB,5,TRUE),"") -> 13860 | P19: =IFERROR(VLOOKUP(H19,Demand,2,TRUE),"") -> 0.2 | Q19: 1 | R19: =IFERROR((L19*M19)+(L19*O19*P19)*Q19,"") -> 0 | S19: =IFERROR(VLOOKUP(G19,Rate,2,0),"") -> 0.7 | T19: =IFERROR(R19*S19/1000,"") -> 0 | U19: 25 | V19: 25 | W19: 360 | X19: =IFERROR(T19+U19+V19+W19,"") -> 410
A20: 10 | D20: 9 | E20: बापू नथा पाटील | F20: स्वतः | G20: झोपडी किंवा मातीचे घर | H20: ५० पेक्षा जास्त व ६० वर्ष पर्यंत | I20: 43 | J20: 7 | K20: =I20*J20 -> 301 | L20: =K20/10.764 -> 27.963582 | M20: =IFERROR(VLOOKUP(G20,RateB,4,TRUE),"") -> 480 | O20: =IFERROR(VLOOKUP(G20,RateB,5,TRUE),"") -> 6930 | P20: =IFERROR(VLOOKUP(H20,Demand,2,TRUE),"") -> 0.2 | Q20: 1 | R20: =IFERROR((L20*M20)+(L20*O20*P20)*Q20,"") -> 52180.045 | S20: =IFERROR(VLOOKUP(G20,Rate,2,0),"") -> 0.4 | T20: =IFERROR(R20*S20/1000,"") -> 20.872018 | U20: 25 | V20: 25 | W20: 360 | X20: =IFERROR(T20+U20+V20+W20,"") -> 430.87202
A21: 11 | D21: 10 | E21: रमणबाई धनराज मासुळे | F21: स्वतः | G21: झोपडी किंवा मातीचे घर | H21: ५० पेक्षा जास्त व ६० वर्ष पर्यंत | I21: 43 | J21: 7 | K21: =I21*J21 -> 301 | L21: =K21/10.764 -> 27.963582 | M21: =IFERROR(VLOOKUP(G21,RateB,4,TRUE),"") -> 480 | O21: =IFERROR(VLOOKUP(G21,RateB,5,TRUE),"") -> 6930 | P21: =IFERROR(VLOOKUP(H21,Demand,2,TRUE),"") -> 0.2 | Q21: 1 | R21: =IFERROR((L21*M21)+(L21*O21*P21)*Q21,"") -> 52180.045 | S21: =IFERROR(VLOOKUP(G21,Rate,2,0),"") -> 0.4 | T21: =IFERROR(R21*S21/1000,"") -> 20.872018 | U21: 25 | V21: 25 | W21: 360 | X21: =IFERROR(T21+U21+V21+W21,"") -> 430.87202
A22: 12 | D22: 11 | E22: योगेश भगवान पाटील | F22: स्वतः | G22: झोपडी किंवा मातीचे घर | H22: ५० पेक्षा जास्त व ६० वर्ष पर्यंत | I22: 49 | J22: 16 | K22: =I22*J22 -> 784 | L22: =K22/10.764 -> 72.835377 | M22: =IFERROR(VLOOKUP(G22,RateB,4,TRUE),"") -> 480 | O22: =IFERROR(VLOOKUP(G22,RateB,5,TRUE),"") -> 6930 | P22: =IFERROR(VLOOKUP(H22,Demand,2,TRUE),"") -> 0.2 | Q22: 1 | R22: =IFERROR((L22*M22)+(L22*O22*P22)*Q22,"") -> 135910.81 | S22: =IFERROR(VLOOKUP(G22,Rate,2,0),"") -> 0.4 | T22: =IFERROR(R22*S22/1000,"") -> 54.364326 | U22: 25 | V22: 25 | W22: 360 | X22: =IFERROR(T22+U22+V22+W22,"") -> 464.36433
A23: 13 | D23: 12 | E23: शे.अब्दुल शे. काळू | F23: स्वतः | G23: झोपडी किंवा मातीचे घर | H23: ५० पेक्षा जास्त व ६० वर्ष पर्यंत | I23: 49 | J23: 16 | K23: =I23*J23 -> 784 | L23: =K23/10.764 -> 72.835377 | M23: =IFERROR(VLOOKUP(G23,RateB,4,TRUE),"") -> 480 | O23: =IFERROR(VLOOKUP(G23,RateB,5,TRUE),"") -> 6930 | P23: =IFERROR(VLOOKUP(H23,Demand,2,TRUE),"") -> 0.2 | Q23: 1 | R23: =IFERROR((L23*M23)+(L23*O23*P23)*Q23,"") -> 135910.81 | S23: =IFERROR(VLOOKUP(G23,Rate,2,0),"") -> 0.4 | T23: =IFERROR(R23*S23/1000,"") -> 54.364326 | U23: 25 | V23: 25 | W23: 360 | X23: =IFERROR(T23+U23+V23+W23,"") -> 464.36433
A24: 14 | D24: 13 | E24: शे.करीम शे. काळू | F24: स्वतः | G24: झोपडी किंवा मातीचे घर | H24: ५० पेक्षा जास्त व ६० वर्ष पर्यंत | I24: 49 | J24: 14 | K24: =I24*J24 -> 686 | L24: =K24/10.764 -> 63.730955 | M24: =IFERROR(VLOOKUP(G24,RateB,4,TRUE),"") -> 480 | O24: =IFERROR(VLOOKUP(G24,RateB,5,TRUE),"") -> 6930 | P24: =IFERROR(VLOOKUP(H24,Demand,2,TRUE),"") -> 0.2 | Q24: 1 | R24: =IFERROR((L24*M24)+(L24*O24*P24)*Q24,"") -> 118921.96 | S24: =IFERROR(VLOOKUP(G24,Rate,2,0),"") -> 0.4 | T24: =IFERROR(R24*S24/1000,"") -> 47.568785 | U24: 25 | V24: 25 | W24: 360 | X24: =IFERROR(T24+U24+V24+W24,"") -> 457.56878
A25: 15 | D25: 14 | E25: सखुबाई बाप अर्जुन पाटील | F25: स्वतः | G25: झोपडी किंवा मातीचे घर | H25: ४० पेक्षा जास्त व ५० वर्ष पर्यंत | I25: 49 | J25: 14 | K25: =I25*J25 -> 686 | L25: =K25/10.764 -> 63.730955 | M25: =IFERROR(VLOOKUP(G25,RateB,4,TRUE),"") -> 480 | O25: =IFERROR(VLOOKUP(G25,RateB,5,TRUE),"") -> 6930 | P25: =IFERROR(VLOOKUP(H25,Demand,2,TRUE),"") -> 0.3 | Q25: 1 | R25: =IFERROR((L25*M25)+(L25*O25*P25)*Q25,"") -> 163087.51 | S25: =IFERROR(VLOOKUP(G25,Rate,2,0),"") -> 0.4 | T25: =IFERROR(R25*S25/1000,"") -> 65.235006 | U25: 25 | V25: 25 | W25: 360 | X25: =IFERROR(T25+U25+V25+W25,"") -> 475.23501
A26: 16 | D26: 15 | E26: सरकार | F26: बापू नथा पाटील | G26: झोपडी किंवा मातीचे घर | H26: ४० पेक्षा जास्त व ५० वर्ष पर्यंत | I26: 49 | J26: 16 | K26: =I26*J26 -> 784 | L26: =K26/10.764 -> 72.835377 | M26: =IFERROR(VLOOKUP(G26,RateB,4,TRUE),"") -> 480 | O26: =IFERROR(VLOOKUP(G26,RateB,5,TRUE),"") -> 6930 | P26: =IFERROR(VLOOKUP(H26,Demand,2,TRUE),"") -> 0.3 | Q26: 1 | R26: =IFERROR((L26*M26)+(L26*O26*P26)*Q26,"") -> 186385.73 | S26: =IFERROR(VLOOKUP(G26,Rate,2,0),"") -> 0.4 | T26: =IFERROR(R26*S26/1000,"") -> 74.554292 | U26: 25 | V26: 25 | W26: 360 | X26: =IFERROR(T26+U26+V26+W26,"") -> 484.55429
A27: 17 | D27: 16 | E27: सरकार | F27: भगवान सोमा | G27: दगड विटांचे मातीचे घर | H27: १० पेक्षा जास्त व २० वर्ष पर्यंत | I27: 49 | J27: 9 | K27: =I27*J27 -> 441 | L27: =K27/10.764 -> 40.9699 | M27: =IFERROR(VLOOKUP(G27,RateB,4,TRUE),"") -> 480 | O27: =IFERROR(VLOOKUP(G27,RateB,5,TRUE),"") -> 13860 | P27: =IFERROR(VLOOKUP(H27,Demand,2,TRUE),"") -> 1 | Q27: 1 | R27: =IFERROR((L27*M27)+(L27*O27*P27)*Q27,"") -> 587508.36 | S27: =IFERROR(VLOOKUP(G27,Rate,2,0),"") -> 0.7 | T27: =IFERROR(R27*S27/1000,"") -> 411.25585 | U27: 25 | V27: 25 | W27: 360 | X27: =IFERROR(T27+U27+V27+W27,"") -> 821.25585
A28: 18 | D28: 17 | E28: सरकार | F28: बोळ | K28: =I28*J28 -> 0 | L28: =K28/10.764 -> 0 | M28: =IFERROR(VLOOKUP(G28,RateB,4,TRUE),"") | O28: =IFERROR(VLOOKUP(G28,RateB,5,TRUE),"") | P28: =IFERROR(VLOOKUP(H28,Demand,2,TRUE),"") | Q28: 1 | R28: =IFERROR((L28*M28)+(L28*O28*P28)*Q28,"") | S28: =IFERROR(VLOOKUP(G28,Rate,2,0),"") | T28: =IFERROR(R28*S28/1000,"") | U28: 25 | V28: 25 | W28: 360 | X28: =IFERROR(T28+U28+V28+W28,"")
A29: 19 | D29: १८ | E29: लताबाई हिलाल राजपूत | F29: सरकार | G29: नवीन आर सी सी पद्धतीचे घर | H29: १० पेक्षा जास्त व २० वर्ष पर्यंत | I29: 49 | J29: 13 | K29: =I29*J29 -> 637 | L29: =K29/10.764 -> 59.178744 | M29: =IFERROR(VLOOKUP(G29,RateB,4,TRUE),"") -> 480 | O29: =IFERROR(VLOOKUP(G29,RateB,5,TRUE),"") -> 15400 | P29: =IFERROR(VLOOKUP(H29,Demand,2,TRUE),"") -> 1 | Q29: 1 | R29: =IFERROR((L29*M29)+(L29*O29*P29)*Q29,"") -> 939758.45 | S29: =IFERROR(VLOOKUP(G29,Rate,2,0),"") -> 1.2 | T29: =IFERROR(R29*S29/1000,"") -> 1127.7101 | U29: 25 | V29: 25 | W29: 360 | X29: =IFERROR(T29+U29+V29+W29,"") -> 1537.7101
D30: १८ | E30: सरकार | F30: लताबाई हिलाल राजपूत | G30: नवीन आर सी सी पद्धतीचे घर | H30: २० पेक्षा जास्त व ३० वर्ष पर्यंत | I30: 49 | J30: 13 | K30: =I30*J30 -> 637 | L30: =K30/10.764 -> 59.178744
A31: 20 | D31: 19 | E31: कौतिक हरी पाटील | F31: स्वतः | G31: बखळ किंवा पडसर जागा | H31: ५० पेक्षा जास्त व ६० वर्ष पर्यंत | I31: 49 | J31: 13 | K31: =I31*J31 -> 637 | L31: =K31/10.764 -> 59.178744 | M31: =IFERROR(VLOOKUP(G31,RateB,4,TRUE),"") -> 480 | O31: =IFERROR(VLOOKUP(G31,RateB,5,TRUE),"") -> 0 | P31: =IFERROR(VLOOKUP(H31,Demand,2,TRUE),"") -> 0.2 | Q31: 1 | R31: =IFERROR((L31*M31)+(L31*O31*P31)*Q31,"") -> 28405.797 | S31: =IFERROR(VLOOKUP(G31,Rate,2,0),"") -> 2.5 | T31: =IFERROR(R31*S31/1000,"") -> 71.014493 | U31: 25 | V31: 25 | W31: 360 | X31: =IFERROR(T31+U31+V31+W31,"") -> 481.01449
A32: 21 | D32: 20 | E32: १) खटाबाई सरदारसिंग चित्ते २) चित्राबाई आधार गिरासे | F32: स्वतः | G32: झोपडी किंवा मातीचे घर | H32: ५० पेक्षा जास्त व ६० वर्ष पर्यंत | I32: 49 | J32: 16 | K32: =I32*J32 -> 784 | L32: =K32/10.764 -> 72.835377 | M32: =IFERROR(VLOOKUP(G32,RateB,4,TRUE),"") -> 480 | O32: =IFERROR(VLOOKUP(G32,RateB,5,TRUE),"") -> 6930 | P32: =IFERROR(VLOOKUP(H32,Demand,2,TRUE),"") -> 0.2 | Q32: 1 | R32: =IFERROR((L32*M32)+(L32*O32*P32)*Q32,"") -> 135910.81 | S32: =IFERROR(VLOOKUP(G32,Rate,2,0),"") -> 0.4 | T32: =IFERROR(R32*S32/1000,"") -> 54.364326 | U32: 25 | V32: 25 | W32: 360 | X32: =IFERROR(T32+U32+V32+W32,"") -> 464.36433
A33: 22 | D33: 21 | E33: जयसिंग धनसिंग गिरासे | F33: स्वतः | G33: नवीन आर सी सी पद्धतीचे घर | H33: १० पेक्षा जास्त व २० वर्ष पर्यंत | I33: 24 | J33: 16 | K33: =I33*J33 -> 384 | L33: =K33/10.764 -> 35.67447 | M33: =IFERROR(VLOOKUP(G33,RateB,4,TRUE),"") -> 480 | O33: =IFERROR(VLOOKUP(G33,RateB,5,TRUE),"") -> 15400 | P33: =IFERROR(VLOOKUP(H33,Demand,2,TRUE),"") -> 1 | Q33: 1 | R33: =IFERROR((L33*M33)+(L33*O33*P33)*Q33,"") -> 566510.59 | S33: =IFERROR(VLOOKUP(G33,Rate,2,0),"") -> 1.2 | T33: =IFERROR(R33*S33/1000,"") -> 679.81271 | U33: 25 | V33: 25 | W33: 360 | X33: =IFERROR(T33+U33+V33+W33,"") -> 1089.8127
A34: 23 | D34: 21 | E34: पवित्राबाई विजय गिरासे | F34: स्वतः | G34: नवीन आर सी सी पद्धतीचे घर | H34: १० पेक्षा जास्त व २० वर्ष पर्यंत | I34: 24 | J34: 16 | K34: =I34*J34 -> 384 | L34: =K34/10.764 -> 35.67447 | M34: =IFERROR(VLOOKUP(G34,RateB,4,TRUE),"") -> 480 | O34: =IFERROR(VLOOKUP(G34,RateB,5,TRUE),"") -> 15400 | P34: =IFERROR(VLOOKUP(H34,Demand,2,TRUE),"") -> 1 | Q34: 1 | R34: =IFERROR((L34*M34)+(L34*O34*P34)*Q34,"") -> 566510.59 | S34: =IFERROR(VLOOKUP(G34,Rate,2,0),"") -> 1.2 | T34: =IFERROR(R34*S34/1000,"") -> 679.81271 | U34: 25 | V34: 25 | W34: 360 | X34: =IFERROR(T34+U34+V34+W34,"") -> 1089.8127
D35: 21 | E35: जयसिंग धनसिंग गिरासे | F35: स्वतः | G35: बखळ किंवा पडसर जागा | H35: २० पेक्षा जास्त व ३० वर्ष पर्यंत | I35: 24 | J35: 16 | K35: =I35*J35 -> 384 | L35: =K35/10.764 -> 35.67447
D36: 21 | E36: पवित्राबाई विजय गिरासे | F36: स्वतः | G36: बखळ किंवा पडसर जागा | H36: २ पेक्षा जास्त व ५ वर्ष पर्यंत | I36: 24 | J36: 16 | K36: =I36*J36 -> 384 | L36: =K36/10.764 -> 35.67447
A37: 24 | D37: 22 | E37: रामभाऊ जिभाऊ राजपूत | F37: स्वतः | G37: बखळ किंवा पडसर जागा | H37: ५० पेक्षा जास्त व ६० वर्ष पर्यंत | I37: 49 | J37: 27 | K37: =I37*J37 -> 1323 | L37: =K37/10.764 -> 122.9097 | M37: =IFERROR(VLOOKUP(G37,RateB,4,TRUE),"") -> 480 | O37: =IFERROR(VLOOKUP(G37,RateB,5,TRUE),"") -> 0 | P37: =IFERROR(VLOOKUP(H37,Demand,2,TRUE),"") -> 0.2 | Q37: 1 | R37: =IFERROR((L37*M37)+(L37*O37*P37)*Q37,"") -> 58996.656 | S37: =IFERROR(VLOOKUP(G37,Rate,2,0),"") -> 2.5 | T37: =IFERROR(R37*S37/1000,"") -> 147.49164 | X37: =IFERROR(T37+U37+V37+W37,"") -> 147.49164
A38: 25 | D38: 23 | E38: सरकार | F38: रूपसिंग डोंगर गिरासे | G38: दगड विटांचे मातीचे घर | H38: २० पेक्षा जास्त व ३० वर्ष पर्यंत | I38: 49 | J38: 15 | K38: =I38*J38 -> 735 | L38: =K38/10.764 -> 68.283166 | M38: =IFERROR(VLOOKUP(G38,RateB,4,TRUE),"") -> 480 | O38: =IFERROR(VLOOKUP(G38,RateB,5,TRUE),"") -> 13860 | P38: =IFERROR(VLOOKUP(H38,Demand,2,TRUE),"") -> 0.6 | Q38: 1 | R38: =IFERROR((L38*M38)+(L38*O38*P38)*Q38,"") -> 600618.73 | S38: =IFERROR(VLOOKUP(G38,Rate,2,0),"") -> 0.7 | T38: =IFERROR(R38*S38/1000,"") -> 420.43311 | U38: 25 | V38: 25 | W38: 360 | X38: =IFERROR(T38+U38+V38+W38,"") -> 830.43311
A39: 26 | D39: 24 | E39: सरकार | F39: प्रेमसिंग रूपसिंग गिरासे | G39: दगड विटांचे मातीचे घर | H39: २० पेक्षा जास्त व ३० वर्ष पर्यंत | I39: 49 | J39: 7 | K39: =I39*J39 -> 343 | L39: =K39/10.764 -> 31.865478 | M39: =IFERROR(VLOOKUP(G39,RateB,4,TRUE),"") -> 480 | O39: =IFERROR(VLOOKUP(G39,RateB,5,TRUE),"") -> 13860 | P39: =IFERROR(VLOOKUP(H39,Demand,2,TRUE),"") -> 0.6 | Q39: 1 | R39: =IFERROR((L39*M39)+(L39*O39*P39)*Q39,"") -> 280288.74 | S39: =IFERROR(VLOOKUP(G39,Rate,2,0),"") -> 0.7 | T39: =IFERROR(R39*S39/1000,"") -> 196.20212 | U39: 25 | V39: 25 | W39: 360 | X39: =IFERROR(T39+U39+V39+W39,"") -> 606.20212
A40: 27 | D40: 25 | E40: सरकार | F40: मिठू झिपा गिरासे | G40: दगड विटांचे मातीचे घर | H40: ४० पेक्षा जास्त व ५० वर्ष पर्यंत | I40: 49 | J40: 12 | K40: =I40*J40 -> 588 | L40: =K40/10.764 -> 54.626533 | M40: =IFERROR(VLOOKUP(G40,RateB,4,TRUE),"") -> 480 | O40: =IFERROR(VLOOKUP(G40,RateB,5,TRUE),"") -> 13860 | P40: =IFERROR(VLOOKUP(H40,Demand,2,TRUE),"") -> 0.3 | Q40: 1 | R40: =IFERROR((L40*M40)+(L40*O40*P40)*Q40,"") -> 253357.86 | S40: =IFERROR(VLOOKUP(G40,Rate,2,0),"") -> 0.7 | T40: =IFERROR(R40*S40/1000,"") -> 177.3505 | U40: 25 | V40: 25 | W40: 360 | X40: =IFERROR(T40+U40+V40+W40,"") -> 587.3505
A41: 28 | D41: 26 | E41: सरकार | F41: भटेसिंग इंद्रसिंग ईशी | G41: दगड विटांचे मातीचे घर | H41: ४० पेक्षा जास्त व ५० वर्ष पर्यंत | I41: 49 | J41: 9 | K41: =I41*J41 -> 441 | L41: =K41/10.764 -> 40.9699 | M41: =IFERROR(VLOOKUP(G41,RateB,4,TRUE),"") -> 480 | O41: =IFERROR(VLOOKUP(G41,RateB,5,TRUE),"") -> 13860 | P41: =IFERROR(VLOOKUP(H41,Demand,2,TRUE),"") -> 0.3 | Q41: 1 | R41: =IFERROR((L41*M41)+(L41*O41*P41)*Q41,"") -> 190018.39 | S41: =IFERROR(VLOOKUP(G41,Rate,2,0),"") -> 0.7 | T41: =IFERROR(R41*S41/1000,"") -> 133.01288 | U41: 25 | V41: 25 | W41: 360 | X41: =IFERROR(T41+U41+V41+W41,"") -> 543.01288
A42: 29 | D42: 27 | E42: सरकार | F42: चंद्र्कोर्बाई आनंदसिंग गिरासे | G42: दगड विटांचे मातीचे घर | H42: ४० पेक्षा जास्त व ५० वर्ष पर्यंत | I42: 49 | J42: 7 | K42: =I42*J42 -> 343 | L42: =K42/10.764 -> 31.865478 | M42: =IFERROR(VLOOKUP(G42,RateB,4,TRUE),"") -> 480 | O42: =IFERROR(VLOOKUP(G42,RateB,5,TRUE),"") -> 13860 | P42: =IFERROR(VLOOKUP(H42,Demand,2,TRUE),"") -> 0.3 | Q42: 1 | R42: =IFERROR((L42*M42)+(L42*O42*P42)*Q42,"") -> 147792.08 | S42: =IFERROR(VLOOKUP(G42,Rate,2,0),"") -> 0.7 | T42: =IFERROR(R42*S42/1000,"") -> 103.45446 | U42: 25 | V42: 25 | W42: 360 | X42: =IFERROR(T42+U42+V42+W42,"") -> 513.45446
A43: 30 | D43: 28 | E43: सरकार | F43: बापू केवळसिंग गिरासे | G43: दगड विटांचे मातीचे घर | H43: ४० पेक्षा जास्त व ५० वर्ष पर्यंत | I43: 49 | J43: 7 | K43: =I43*J43 -> 343 | L43: =K43/10.764 -> 31.865478 | M43: =IFERROR(VLOOKUP(G43,RateB,4,TRUE),"") -> 480 | O43: =IFERROR(VLOOKUP(G43,RateB,5,TRUE),"") -> 13860 | P43: =IFERROR(VLOOKUP(H43,Demand,2,TRUE),"") -> 0.3 | Q43: 1 | R43: =IFERROR((L43*M43)+(L43*O43*P43)*Q43,"") -> 147792.08 | S43: =IFERROR(VLOOKUP(G43,Rate,2,0),"") -> 0.7 | T43: =IFERROR(R43*S43/1000,"") -> 103.45446 | U43: 25 | V43: 25 | W43: 360 | X43: =IFERROR(T43+U43+V43+W43,"") -> 513.45446
A44: 31 | D44: 29 | E44: सरकार | F44: प्रमिला सुर्सिंग राजपूत | G44: दगड विटांचे मातीचे घर | H44: १० पेक्षा जास्त व २० वर्ष पर्यंत | I44: 49 | J44: 10 | K44: =I44*J44 -> 490 | L44: =K44/10.764 -> 45.522111 | M44: =IFERROR(VLOOKUP(G44,RateB,4,TRUE),"") -> 480 | O44: =IFERROR(VLOOKUP(G44,RateB,5,TRUE),"") -> 13860 | P44: =IFERROR(VLOOKUP(H44,Demand,2,TRUE),"") -> 1 | Q44: 1 | R44: =IFERROR((L44*M44)+(L44*O44*P44)*Q44,"") -> 652787.07 | S44: =IFERROR(VLOOKUP(G44,Rate,2,0),"") -> 0.7 | T44: =IFERROR(R44*S44/1000,"") -> 456.95095 | U44: 25 | V44: 25 | W44: 360 | X44: =IFERROR(T44+U44+V44+W44,"") -> 866.95095
A45: 32 | D45: 30 | E45: सरकार | F45: बोळ | K45: =I45*J45 -> 0 | L45: =K45/10.764 -> 0 | M45: =IFERROR(VLOOKUP(G45,RateB,4,TRUE),"") | O45: =IFERROR(VLOOKUP(G45,RateB,5,TRUE),"") | P45: =IFERROR(VLOOKUP(H45,Demand,2,TRUE),"") | Q45: 1 | R45: =IFERROR((L45*M45)+(L45*O45*P45)*Q45,"") | S45: =IFERROR(VLOOKUP(G45,Rate,2,0),"") | T45: =IFERROR(R45*S45/1000,"") | U45: 25 | V45: 25 | W45: 360 | X45: =IFERROR(T45+U45+V45+W45,"")
A46: 33 | D46: 31 | E46: सरकार | F46: निंबा गोरख पाटील | G46: दगड विटांचे मातीचे घर | H46: ३० पेक्षा जास्त व ४० वर्ष पर्यंत | I46: 49 | J46: 11 | K46: =I46*J46 -> 539 | L46: =K46/10.764 -> 50.074322 | M46: =IFERROR(VLOOKUP(G46,RateB,4,TRUE),"") -> 480 | O46: =IFERROR(VLOOKUP(G46,RateB,5,TRUE),"") -> 13860 | P46: =IFERROR(VLOOKUP(H46,Demand,2,TRUE),"") -> 0.45 | Q46: 1 | R46: =IFERROR((L46*M46)+(L46*O46*P46)*Q46,"") -> 336349.22 | S46: =IFERROR(VLOOKUP(G46,Rate,2,0),"") -> 0.7 | T46: =IFERROR(R46*S46/1000,"") -> 235.44445 | X46: =IFERROR(T46+U46+V46+W46,"") -> 235.44445
A47: 34 | D47: 31 | E47: सरकार | F47: शांताराम गोरख पाटील | G47: दगड विटांचे मातीचे घर | H47: ३० पेक्षा जास्त व ४० वर्ष पर्यंत | I47: 49 | J47: 11 | K47: =I47*J47 -> 539 | L47: =K47/10.764 -> 50.074322 | M47: =IFERROR(VLOOKUP(G47,RateB,4,TRUE),"") -> 480 | O47: =IFERROR(VLOOKUP(G47,RateB,5,TRUE),"") -> 13860 | P47: =IFERROR(VLOOKUP(H47,Demand,2,TRUE),"") -> 0.45 | Q47: 1 | R47: =IFERROR((L47*M47)+(L47*O47*P47)*Q47,"") -> 336349.22 | S47: =IFERROR(VLOOKUP(G47,Rate,2,0),"") -> 0.7 | T47: =IFERROR(R47*S47/1000,"") -> 235.44445 | U47: 25 | V47: 25 | W47: 360 | X47: =IFERROR(T47+U47+V47+W47,"") -> 645.44445
A48: 35 | D48: 32 | E48: सरकार | F48: चंदनबाई लकडू गिरासे | G48: दगड विटांचे मातीचे घर | H48: ३० पेक्षा जास्त व ४० वर्ष पर्यंत | I48: 45 | J48: 18 | K48: =I48*J48 -> 810 | L48: =K48/10.764 -> 75.250836 | M48: =IFERROR(VLOOKUP(G48,RateB,4,TRUE),"") -> 480 | O48: =IFERROR(VLOOKUP(G48,RateB,5,TRUE),"") -> 13860 | P48: =IFERROR(VLOOKUP(H48,Demand,2,TRUE),"") -> 0.45 | Q48: 1 | R48: =IFERROR((L48*M48)+(L48*O48*P48)*Q48,"") -> 505459.87 | S48: =IFERROR(VLOOKUP(G48,Rate,2,0),"") -> 0.7 | T48: =IFERROR(R48*S48/1000,"") -> 353.82191 | U48: 25 | V48: 25 | W48: 360 | X48: =IFERROR(T48+U48+V48+W48,"") -> 763.82191
A49: 36 | D49: 33 | E49: सरकार | F49: वेडू दौलत गिरासे | G49: दगड विटांचे मातीचे घर | H49: ३० पेक्षा जास्त व ४० वर्ष पर्यंत | I49: 45 | J49: 12 | K49: =I49*J49 -> 540 | L49: =K49/10.764 -> 50.167224 | M49: =IFERROR(VLOOKUP(G49,RateB,4,TRUE),"") -> 480 | O49: =IFERROR(VLOOKUP(G49,RateB,5,TRUE),"") -> 13860 | P49: =IFERROR(VLOOKUP(H49,Demand,2,TRUE),"") -> 0.45 | Q49: 1 | R49: =IFERROR((L49*M49)+(L49*O49*P49)*Q49,"") -> 336973.24 | S49: =IFERROR(VLOOKUP(G49,Rate,2,0),"") -> 0.7 | T49: =IFERROR(R49*S49/1000,"") -> 235.88127 | U49: 25 | V49: 25 | W49: 360 | X49: =IFERROR(T49+U49+V49+W49,"") -> 645.88127
A50: 37 | D50: 34 | E50: सरकार | F50: हिरामण चैत्राम धनगर | G50: दगड विटांचे मातीचे घर | H50: ३० पेक्षा जास्त व ४० वर्ष पर्यंत | I50: 38 | J50: 14 | K50: =I50*J50 -> 532 | L50: =K50/10.764 -> 49.424006 | M50: =IFERROR(VLOOKUP(G50,RateB,4,TRUE),"") -> 480 | O50: =IFERROR(VLOOKUP(G50,RateB,5,TRUE),"") -> 13860 | P50: =IFERROR(VLOOKUP(H50,Demand,2,TRUE),"") -> 0.45 | Q50: 1 | R50: =IFERROR((L50*M50)+(L50*O50*P50)*Q50,"") -> 331981.05 | S50: =IFERROR(VLOOKUP(G50,Rate,2,0),"") -> 0.7 | T50: =IFERROR(R50*S50/1000,"") -> 232.38673 | U50: 25 | V50: 25 | W50: 360 | X50: =IFERROR(T50+U50+V50+W50,"") -> 642.38673
A51: 38 | D51: 35 | E51: सरकार | F51: दिलीप दाजभाऊ गिरासे | G51: झोपडी किंवा मातीचे घर | H51: २० पेक्षा जास्त व ३० वर्ष पर्यंत | I51: 42 | J51: 21 | K51: =I51*J51 -> 882 | L51: =K51/10.764 -> 81.939799 | M51: =IFERROR(VLOOKUP(G51,RateB,4,TRUE),"") -> 480 | O51: =IFERROR(VLOOKUP(G51,RateB,5,TRUE),"") -> 6930 | P51: =IFERROR(VLOOKUP(H51,Demand,2,TRUE),"") -> 0.6 | Q51: 1 | R51: =IFERROR((L51*M51)+(L51*O51*P51)*Q51,"") -> 380036.79 | S51: =IFERROR(VLOOKUP(G51,Rate,2,0),"") -> 0.4 | T51: =IFERROR(R51*S51/1000,"") -> 152.01472 | U51: 25 | V51: 25 | W51: 360 | X51: =IFERROR(T51+U51+V51+W51,"") -> 562.01472
A52: 39 | D52: 36 | E52: सरकार | F52: दाजभाऊ मिठू गिरासे | G52: दगड विटांचे मातीचे घर | H52: १० पेक्षा जास्त व २० वर्ष पर्यंत | I52: 42 | J52: 14 | K52: =I52*J52 -> 588 | L52: =K52/10.764 -> 54.626533 | M52: =IFERROR(VLOOKUP(G52,RateB,4,TRUE),"") -> 480 | O52: =IFERROR(VLOOKUP(G52,RateB,5,TRUE),"") -> 13860 | P52: =IFERROR(VLOOKUP(H52,Demand,2,TRUE),"") -> 1 | Q52: 1 | R52: =IFERROR((L52*M52)+(L52*O52*P52)*Q52,"") -> 783344.48 | S52: =IFERROR(VLOOKUP(G52,Rate,2,0),"") -> 0.7 | T52: =IFERROR(R52*S52/1000,"") -> 548.34114 | U52: 25 | V52: 25 | W52: 360 | X52: =IFERROR(T52+U52+V52+W52,"") -> 958.34114
A53: 40 | D53: 37 | E53: सरकार | F53: हिंमत जामसिंग गिरासे | G53: झोपडी किंवा मातीचे घर | H53: १० पेक्षा जास्त व २० वर्ष पर्यंत | I53: 24 | J53: 12 | K53: =I53*J53 -> 288 | L53: =K53/10.764 -> 26.755853 | M53: =IFERROR(VLOOKUP(G53,RateB,4,TRUE),"") -> 480 | O53: =IFERROR(VLOOKUP(G53,RateB,5,TRUE),"") -> 6930 | P53: =IFERROR(VLOOKUP(H53,Demand,2,TRUE),"") -> 1 | Q53: 1 | R53: =IFERROR((L53*M53)+(L53*O53*P53)*Q53,"") -> 198260.87 | S53: =IFERROR(VLOOKUP(G53,Rate,2,0),"") -> 0.4 | T53: =IFERROR(R53*S53/1000,"") -> 79.304348 | X53: =IFERROR(T53+U53+V53+W53,"") -> 79.304348
A54: 41 | D54: 38 | E54: सरकार | F54: रवींद्र सुरेश बागुल | G54: दगड विटांचे मातीचे घर | H54: १० पेक्षा जास्त व २० वर्ष पर्यंत | I54: 19 | J54: 6 | K54: =I54*J54 -> 114 | L54: =K54/10.764 -> 10.590858 | M54: =IFERROR(VLOOKUP(G54,RateB,4,TRUE),"") -> 480 | O54: =IFERROR(VLOOKUP(G54,RateB,5,TRUE),"") -> 13860 | P54: =IFERROR(VLOOKUP(H54,Demand,2,TRUE),"") -> 1 | Q54: 1 | R54: =IFERROR((L54*M54)+(L54*O54*P54)*Q54,"") -> 151872.91 | S54: =IFERROR(VLOOKUP(G54,Rate,2,0),"") -> 0.7 | T54: =IFERROR(R54*S54/1000,"") -> 106.31104 | U54: 25 | V54: 25 | W54: 360 | X54: =IFERROR(T54+U54+V54+W54,"") -> 516.31104
A55: 42 | D55: 39 | E55: सरकार | F55: खंडू सुकलाल सोनार | G55: बखळ किंवा पडसर जागा | H55: १० पेक्षा जास्त व २० वर्ष पर्यंत | I55: 19 | J55: 6 | K55: =I55*J55 -> 114 | L55: =K55/10.764 -> 10.590858 | M55: =IFERROR(VLOOKUP(G55,RateB,4,TRUE),"") -> 480 | O55: =IFERROR(VLOOKUP(G55,RateB,5,TRUE),"") -> 0 | P55: =IFERROR(VLOOKUP(H55,Demand,2,TRUE),"") -> 1 | Q55: 1 | R55: =IFERROR((L55*M55)+(L55*O55*P55)*Q55,"") -> 5083.612 | S55: =IFERROR(VLOOKUP(G55,Rate,2,0),"") -> 2.5 | T55: =IFERROR(R55*S55/1000,"") -> 12.70903 | X55: =IFERROR(T55+U55+V55+W55,"") -> 12.70903
A56: 43 | D56: 40 | E56: सरकार | F56: विजय धनसिंग गिरासे | G56: झोपडी किंवा मातीचे घर | H56: २० पेक्षा जास्त व ३० वर्ष पर्यंत | I56: 48 | J56: 26 | K56: =I56*J56 -> 1248 | L56: =K56/10.764 -> 115.94203 | M56: =IFERROR(VLOOKUP(G56,RateB,4,TRUE),"") -> 480 | O56: =IFERROR(VLOOKUP(G56,RateB,5,TRUE),"") -> 6930 | P56: =IFERROR(VLOOKUP(H56,Demand,2,TRUE),"") -> 0.6 | Q56: 1 | R56: =IFERROR((L56*M56)+(L56*O56*P56)*Q56,"") -> 537739.13 | S56: =IFERROR(VLOOKUP(G56,Rate,2,0),"") -> 0.4 | T56: =IFERROR(R56*S56/1000,"") -> 215.09565 | U56: 25 | V56: 25 | W56: 360 | X56: =IFERROR(T56+U56+V56+W56,"") -> 625.09565
A57: 44 | D57: 41 | E57: सरकार | F57: भरतसिंग जामसिंग (गिरासे )कुवर | G57: दगड विटांचे मातीचे घर | H57: २० पेक्षा जास्त व ३० वर्ष पर्यंत | I57: 33 | J57: 15 | K57: =I57*J57 -> 495 | L57: =K57/10.764 -> 45.986622 | M57: =IFERROR(VLOOKUP(G57,RateB,4,TRUE),"") -> 480 | O57: =IFERROR(VLOOKUP(G57,RateB,5,TRUE),"") -> 13860 | P57: =IFERROR(VLOOKUP(H57,Demand,2,TRUE),"") -> 0.6 | Q57: 1 | R57: =IFERROR((L57*M57)+(L57*O57*P57)*Q57,"") -> 404498.33 | S57: =IFERROR(VLOOKUP(G57,Rate,2,0),"") -> 0.7 | T57: =IFERROR(R57*S57/1000,"") -> 283.14883 | X57: =IFERROR(T57+U57+V57+W57,"") -> 283.14883
A58: 45 | D58: 42 | E58: सरकार | F58: तान्या कडू भिल | G58: दगड विटांचे मातीचे घर | H58: २० पेक्षा जास्त व ३० वर्ष पर्यंत | I58: 28 | J58: 6 | K58: =I58*J58 -> 168 | L58: =K58/10.764 -> 15.607581 | M58: =IFERROR(VLOOKUP(G58,RateB,4,TRUE),"") -> 480 | O58: =IFERROR(VLOOKUP(G58,RateB,5,TRUE),"") -> 13860 | P58: =IFERROR(VLOOKUP(H58,Demand,2,TRUE),"") -> 0.6 | Q58: 1 | R58: =IFERROR((L58*M58)+(L58*O58*P58)*Q58,"") -> 137284.28 | S58: =IFERROR(VLOOKUP(G58,Rate,2,0),"") -> 0.7 | T58: =IFERROR(R58*S58/1000,"") -> 96.098997 | X58: =IFERROR(T58+U58+V58+W58,"") -> 96.098997
A59: 46 | D59: 43 | E59: सरकार | F59: वन्या कडू भिल | G59: दगड विटांचे मातीचे घर | H59: ३० पेक्षा जास्त व ४० वर्ष पर्यंत | I59: 28 | J59: 6 | K59: =I59*J59 -> 168 | L59: =K59/10.764 -> 15.607581 | M59: =IFERROR(VLOOKUP(G59,RateB,4,TRUE),"") -> 480 | O59: =IFERROR(VLOOKUP(G59,RateB,5,TRUE),"") -> 13860 | P59: =IFERROR(VLOOKUP(H59,Demand,2,TRUE),"") -> 0.45 | Q59: 1 | R59: =IFERROR((L59*M59)+(L59*O59*P59)*Q59,"") -> 104836.12 | S59: =IFERROR(VLOOKUP(G59,Rate,2,0),"") -> 0.7 | T59: =IFERROR(R59*S59/1000,"") -> 73.385284 | X59: =IFERROR(T59+U59+V59+W59,"") -> 73.385284
A60: 47 | D60: 44 | E60: सरकार | F60: शोभाबाई जयसिंग गिरासे | G60: दगड विटांचे मातीचे घर | H60: ३० पेक्षा जास्त व ४० वर्ष पर्यंत | I60: 28 | J60: 11 | K60: =I60*J60 -> 308 | L60: =K60/10.764 -> 28.613898 | M60: =IFERROR(VLOOKUP(G60,RateB,4,TRUE),"") -> 480 | O60: =IFERROR(VLOOKUP(G60,RateB,5,TRUE),"") -> 13860 | P60: =IFERROR(VLOOKUP(H60,Demand,2,TRUE),"") -> 0.45 | Q60: 1 | R60: =IFERROR((L60*M60)+(L60*O60*P60)*Q60,"") -> 192199.55 | S60: =IFERROR(VLOOKUP(G60,Rate,2,0),"") -> 0.7 | T60: =IFERROR(R60*S60/1000,"") -> 134.53969 | U60: 25 | V60: 25 | W60: 360 | X60: =IFERROR(T60+U60+V60+W60,"") -> 544.53969
A61: 48 | D61: 45 | E61: सरकार | F61: विजय धनसिंग गिरासे | G61: बखळ किंवा पडसर जागा | H61: २० पेक्षा जास्त व ३० वर्ष पर्यंत | I61: 23 | J61: 9 | K61: =I61*J61 -> 207 | L61: =K61/10.764 -> 19.230769 | M61: =IFERROR(VLOOKUP(G61,RateB,4,TRUE),"") -> 480 | O61: =IFERROR(VLOOKUP(G61,RateB,5,TRUE),"") -> 0 | P61: =IFERROR(VLOOKUP(H61,Demand,2,TRUE),"") -> 0.6 | Q61: 1 | R61: =IFERROR((L61*M61)+(L61*O61*P61)*Q61,"") -> 9230.7692 | S61: =IFERROR(VLOOKUP(G61,Rate,2,0),"") -> 2.5 | T61: =IFERROR(R61*S61/1000,"") -> 23.076923 | U61: 25 | V61: 25 | W61: 360 | X61: =IFERROR(T61+U61+V61+W61,"") -> 433.07692
A62: 49 | D62: 46 | E62: सरकार | F62: भगवान श्यामू न्याहळदे | G62: दगड विटांचे मातीचे घर | H62: २० पेक्षा जास्त व ३० वर्ष पर्यंत | I62: 23 | J62: 9 | K62: =I62*J62 -> 207 | L62: =K62/10.764 -> 19.230769 | M62: =IFERROR(VLOOKUP(G62,RateB,4,TRUE),"") -> 480 | O62: =IFERROR(VLOOKUP(G62,RateB,5,TRUE),"") -> 13860 | P62: =IFERROR(VLOOKUP(H62,Demand,2,TRUE),"") -> 0.6 | Q62: 1 | R62: =IFERROR((L62*M62)+(L62*O62*P62)*Q62,"") -> 169153.85 | S62: =IFERROR(VLOOKUP(G62,Rate,2,0),"") -> 0.7 | T62: =IFERROR(R62*S62/1000,"") -> 118.40769 | X62: =IFERROR(T62+U62+V62+W62,"") -> 118.40769
A63: 50 | D63: 47 | E63: सरकार | F63: नारसिंग हसन भिल | G63: दगड विटांचे मातीचे घर | H63: १० पेक्षा जास्त व २० वर्ष पर्यंत | I63: 23 | J63: 12 | K63: =I63*J63 -> 276 | L63: =K63/10.764 -> 25.641026 | M63: =IFERROR(VLOOKUP(G63,RateB,4,TRUE),"") -> 480 | O63: =IFERROR(VLOOKUP(G63,RateB,5,TRUE),"") -> 13860 | P63: =IFERROR(VLOOKUP(H63,Demand,2,TRUE),"") -> 1 | Q63: 1 | R63: =IFERROR((L63*M63)+(L63*O63*P63)*Q63,"") -> 367692.31 | S63: =IFERROR(VLOOKUP(G63,Rate,2,0),"") -> 0.7 | T63: =IFERROR(R63*S63/1000,"") -> 257.38462 | U63: 25 | V63: 25 | W63: 360 | X63: =IFERROR(T63+U63+V63+W63,"") -> 667.38462
A64: 51 | D64: 48 | E64: सरकार | F64: तानाकू शिवराम भिल | G64: झोपडी किंवा मातीचे घर | H64: ३० पेक्षा जास्त व ४० वर्ष पर्यंत | I64: 17 | J64: 14 | K64: =I64*J64 -> 238 | L64: =K64/10.764 -> 22.11074 | M64: =IFERROR(VLOOKUP(G64,RateB,4,TRUE),"") -> 480 | O64: =IFERROR(VLOOKUP(G64,RateB,5,TRUE),"") -> 6930 | P64: =IFERROR(VLOOKUP(H64,Demand,2,TRUE),"") -> 0.45 | Q64: 1 | R64: =IFERROR((L64*M64)+(L64*O64*P64)*Q64,"") -> 79565.496 | S64: =IFERROR(VLOOKUP(G64,Rate,2,0),"") -> 0.4 | T64: =IFERROR(R64*S64/1000,"") -> 31.826198 | U64: 25 | V64: 25 | W64: 360 | X64: =IFERROR(T64+U64+V64+W64,"") -> 441.8262
A65: 52 | D65: 49 | E65: सरकार | F65: भीमसिंग देवराम भिल | G65: झोपडी किंवा मातीचे घर | H65: ४० पेक्षा जास्त व ५० वर्ष पर्यंत | I65: 19 | J65: 12 | K65: =I65*J65 -> 228 | L65: =K65/10.764 -> 21.181717 | M65: =IFERROR(VLOOKUP(G65,RateB,4,TRUE),"") -> 480 | O65: =IFERROR(VLOOKUP(G65,RateB,5,TRUE),"") -> 6930 | P65: =IFERROR(VLOOKUP(H65,Demand,2,TRUE),"") -> 0.3 | Q65: 1 | R65: =IFERROR((L65*M65)+(L65*O65*P65)*Q65,"") -> 54204.013 | S65: =IFERROR(VLOOKUP(G65,Rate,2,0),"") -> 0.4 | T65: =IFERROR(R65*S65/1000,"") -> 21.681605 | U65: 25 | V65: 25 | W65: 360 | X65: =IFERROR(T65+U65+V65+W65,"") -> 431.68161
A66: 53 | D66: 50 | E66: सरकार | F66: जामसिंग काळसिंग भिल | G66: दगड विटांचे मातीचे घर | H66: २० पेक्षा जास्त व ३० वर्ष पर्यंत | I66: 29 | J66: 13 | K66: =I66*J66 -> 377 | L66: =K66/10.764 -> 35.024155 | M66: =IFERROR(VLOOKUP(G66,RateB,4,TRUE),"") -> 480 | O66: =IFERROR(VLOOKUP(G66,RateB,5,TRUE),"") -> 13860 | P66: =IFERROR(VLOOKUP(H66,Demand,2,TRUE),"") -> 0.6 | Q66: 1 | R66: =IFERROR((L66*M66)+(L66*O66*P66)*Q66,"") -> 308072.46 | S66: =IFERROR(VLOOKUP(G66,Rate,2,0),"") -> 0.7 | T66: =IFERROR(R66*S66/1000,"") -> 215.65072 | U66: 25 | V66: 25 | W66: 360 | X66: =IFERROR(T66+U66+V66+W66,"") -> 625.65072
A67: 54 | D67: 51 | E67: सरकार | F67: रतिलाल विजय भिल | G67: दगड विटांचे मातीचे घर | H67: २० पेक्षा जास्त व ३० वर्ष पर्यंत | I67: 29 | J67: 13 | K67: =I67*J67 -> 377 | L67: =K67/10.764 -> 35.024155 | M67: =IFERROR(VLOOKUP(G67,RateB,4,TRUE),"") -> 480 | O67: =IFERROR(VLOOKUP(G67,RateB,5,TRUE),"") -> 13860 | P67: =IFERROR(VLOOKUP(H67,Demand,2,TRUE),"") -> 0.6 | Q67: 1 | R67: =IFERROR((L67*M67)+(L67*O67*P67)*Q67,"") -> 308072.46 | S67: =IFERROR(VLOOKUP(G67,Rate,2,0),"") -> 0.7 | T67: =IFERROR(R67*S67/1000,"") -> 215.65072 | U67: 25 | V67: 25 | W67: 360 | X67: =IFERROR(T67+U67+V67+W67,"") -> 625.65072
A68: 55 | D68: 52 | E68: सरकार | F68: हिरामण ताराचंद माळचे | G68: झोपडी किंवा मातीचे घर | H68: ४० पेक्षा जास्त व ५० वर्ष पर्यंत | I68: 38 | J68: 13 | K68: =I68*J68 -> 494 | L68: =K68/10.764 -> 45.89372 | M68: =IFERROR(VLOOKUP(G68,RateB,4,TRUE),"") -> 480 | O68: =IFERROR(VLOOKUP(G68,RateB,5,TRUE),"") -> 6930 | P68: =IFERROR(VLOOKUP(H68,Demand,2,TRUE),"") -> 0.3 | Q68: 1 | R68: =IFERROR((L68*M68)+(L68*O68*P68)*Q68,"") -> 117442.03 | S68: =IFERROR(VLOOKUP(G68,Rate,2,0),"") -> 0.4 | T68: =IFERROR(R68*S68/1000,"") -> 46.976812 | U68: 25 | V68: 25 | W68: 360 | X68: =IFERROR(T68+U68+V68+W68,"") -> 456.97681
A69: 56 | D69: 53 | E69: सरकार | F69: रमेश रुमाल माळचे | G69: झोपडी किंवा मातीचे घर | H69: ४० पेक्षा जास्त व ५० वर्ष पर्यंत | I69: 36 | J69: 12 | K69: =I69*J69 -> 432 | L69: =K69/10.764 -> 40.133779 | M69: =IFERROR(VLOOKUP(G69,RateB,4,TRUE),"") -> 480 | O69: =IFERROR(VLOOKUP(G69,RateB,5,TRUE),"") -> 6930 | P69: =IFERROR(VLOOKUP(H69,Demand,2,TRUE),"") -> 0.3 | Q69: 1 | R69: =IFERROR((L69*M69)+(L69*O69*P69)*Q69,"") -> 102702.34 | S69: =IFERROR(VLOOKUP(G69,Rate,2,0),"") -> 0.4 | T69: =IFERROR(R69*S69/1000,"") -> 41.080936 | U69: 25 | V69: 25 | W69: 360 | X69: =IFERROR(T69+U69+V69+W69,"") -> 451.08094
A70: 57 | D70: 53 | E70: सरकार | F70: रमेश सोनवणे | G70: दगड विटांचे मातीचे घर | H70: १० पेक्षा जास्त व २० वर्ष पर्यंत | I70: 20 | J70: 15 | K70: =I70*J70 -> 300 | L70: =K70/10.764 -> 27.87068 | M70: =IFERROR(VLOOKUP(G70,RateB,4,TRUE),"") -> 480 | O70: =IFERROR(VLOOKUP(G70,RateB,5,TRUE),"") -> 13860 | P70: =IFERROR(VLOOKUP(H70,Demand,2,TRUE),"") -> 1 | Q70: 1 | R70: =IFERROR((L70*M70)+(L70*O70*P70)*Q70,"") -> 399665.55 | S70: =IFERROR(VLOOKUP(G70,Rate,2,0),"") -> 0.7 | T70: =IFERROR(R70*S70/1000,"") -> 279.76589 | U70: 25 | V70: 25 | W70: 360 | X70: =IFERROR(T70+U70+V70+W70,"") -> 689.76589
A71: 58 | D71: 54 | E71: सरकार | F71: रघां दगा माळचे | G71: दगड विटांचे मातीचे घर | H71: २० पेक्षा जास्त व ३० वर्ष पर्यंत | I71: 24 | J71: 9 | K71: =I71*J71 -> 216 | L71: =K71/10.764 -> 20.06689 | M71: =IFERROR(VLOOKUP(G71,RateB,4,TRUE),"") -> 480 | O71: =IFERROR(VLOOKUP(G71,RateB,5,TRUE),"") -> 13860 | P71: =IFERROR(VLOOKUP(H71,Demand,2,TRUE),"") -> 0.6 | Q71: 1 | R71: =IFERROR((L71*M71)+(L71*O71*P71)*Q71,"") -> 176508.36 | S71: =IFERROR(VLOOKUP(G71,Rate,2,0),"") -> 0.7 | T71: =IFERROR(R71*S71/1000,"") -> 123.55585 | X71: =IFERROR(T71+U71+V71+W71,"") -> 123.55585
A72: 59 | D72: 55 | E72: सरकार | F72: खंडू नारसिंग मोरे | G72: दगड विटांचे मातीचे घर | H72: २ पेक्षा जास्त व ५ वर्ष पर्यंत | I72: 15 | J72: 20 | K72: =I72*J72 -> 300 | L72: =K72/10.764 -> 27.87068 | M72: =IFERROR(VLOOKUP(G72,RateB,4,TRUE),"") -> 480 | O72: =IFERROR(VLOOKUP(G72,RateB,5,TRUE),"") -> 13860 | P72: =IFERROR(VLOOKUP(H72,Demand,2,TRUE),"") -> 0.95 | Q72: 1 | R72: =IFERROR((L72*M72)+(L72*O72*P72)*Q72,"") -> 380351.17 | S72: =IFERROR(VLOOKUP(G72,Rate,2,0),"") -> 0.7 | T72: =IFERROR(R72*S72/1000,"") -> 266.24582 | X72: =IFERROR(T72+U72+V72+W72,"") -> 266.24582
A73: 60 | D73: 56 | E73: सरकार | F73: शानाबाई नारसिंग मोरे | G73: दगड विटांचे मातीचे घर | H73: १० पेक्षा जास्त व २० वर्ष पर्यंत | I73: 36 | J73: 15 | K73: =I73*J73 -> 540 | L73: =K73/10.764 -> 50.167224 | M73: =IFERROR(VLOOKUP(G73,RateB,4,TRUE),"") -> 480 | O73: =IFERROR(VLOOKUP(G73,RateB,5,TRUE),"") -> 13860 | P73: =IFERROR(VLOOKUP(H73,Demand,2,TRUE),"") -> 1 | Q73: 1 | R73: =IFERROR((L73*M73)+(L73*O73*P73)*Q73,"") -> 719397.99 | S73: =IFERROR(VLOOKUP(G73,Rate,2,0),"") -> 0.7 | T73: =IFERROR(R73*S73/1000,"") -> 503.5786 | X73: =IFERROR(T73+U73+V73+W73,"") -> 503.5786
A74: 61 | D74: 57 | E74: अंगणवाडी | F74: सरकार | G74: नवीन आर सी सी पद्धतीचे घर | H74: १० पेक्षा जास्त व २० वर्ष पर्यंत | I74: 27 | J74: 20 | K74: =I74*J74 -> 540 | L74: =K74/10.764 -> 50.167224 | M74: =IFERROR(VLOOKUP(G74,RateB,4,TRUE),"") -> 480 | O74: =IFERROR(VLOOKUP(G74,RateB,5,TRUE),"") -> 15400 | P74: =IFERROR(VLOOKUP(H74,Demand,2,TRUE),"") -> 1 | Q74: 1 | R74: =IFERROR((L74*M74)+(L74*O74*P74)*Q74,"") -> 796655.52 | S74: =IFERROR(VLOOKUP(G74,Rate,2,0),"") -> 1.2 | T74: =IFERROR(R74*S74/1000,"") -> 955.98662 | X74: =IFERROR(T74+U74+V74+W74,"") -> 955.98662
D75: 57 | E75: अंगणवाडी कर.५ | F75: स्वतः
A76: 62 | D76: 58 | E76: सरकार | F76: वकील जामसिंग भिल | G76: झोपडी किंवा मातीचे घर | H76: १० पेक्षा जास्त व २० वर्ष पर्यंत | I76: 10 | J76: 10 | K76: =I76*J76 -> 100 | L76: =K76/10.764 -> 9.2902267 | M76: =IFERROR(VLOOKUP(G76,RateB,4,TRUE),"") -> 480 | O76: =IFERROR(VLOOKUP(G76,RateB,5,TRUE),"") -> 6930 | P76: =IFERROR(VLOOKUP(H76,Demand,2,TRUE),"") -> 1 | Q76: 1 | R76: =IFERROR((L76*M76)+(L76*O76*P76)*Q76,"") -> 68840.58 | S76: =IFERROR(VLOOKUP(G76,Rate,2,0),"") -> 0.4 | T76: =IFERROR(R76*S76/1000,"") -> 27.536232 | X76: =IFERROR(T76+U76+V76+W76,"") -> 27.536232
A77: 63 | D77: 59 | E77: सरकार | F77: रामसिंग जामसिंग भिल | G77: झोपडी किंवा मातीचे घर | H77: १० पेक्षा जास्त व २० वर्ष पर्यंत | I77: 10 | J77: 10 | K77: =I77*J77 -> 100 | L77: =K77/10.764 -> 9.2902267 | M77: =IFERROR(VLOOKUP(G77,RateB,4,TRUE),"") -> 480 | O77: =IFERROR(VLOOKUP(G77,RateB,5,TRUE),"") -> 6930 | P77: =IFERROR(VLOOKUP(H77,Demand,2,TRUE),"") -> 1 | Q77: 1 | R77: =IFERROR((L77*M77)+(L77*O77*P77)*Q77,"") -> 68840.58 | S77: =IFERROR(VLOOKUP(G77,Rate,2,0),"") -> 0.4 | T77: =IFERROR(R77*S77/1000,"") -> 27.536232 | X77: =IFERROR(T77+U77+V77+W77,"") -> 27.536232
A78: 65 | D78: 60 | E78: सरकार | F78: ताराचंद जामसिंग भिल | G78: दगड विटांचे मातीचे घर | H78: १० पेक्षा जास्त व २० वर्ष पर्यंत | I78: 46 | J78: 15 | K78: =I78*J78 -> 690 | L78: =K78/10.764 -> 64.102564 | M78: =IFERROR(VLOOKUP(G78,RateB,4,TRUE),"") -> 480 | O78: =IFERROR(VLOOKUP(G78,RateB,5,TRUE),"") -> 13860 | P78: =IFERROR(VLOOKUP(H78,Demand,2,TRUE),"") -> 1 | Q78: 1 | R78: =IFERROR((L78*M78)+(L78*O78*P78)*Q78,"") -> 919230.77 | S78: =IFERROR(VLOOKUP(G78,Rate,2,0),"") -> 0.7 | T78: =IFERROR(R78*S78/1000,"") -> 643.46154 | X78: =IFERROR(T78+U78+V78+W78,"") -> 643.46154
A79: 66 | D79: 61 | E79: सरकार | F79: जामसिंग काळसिंग भिल | G79: दगड विटांचे मातीचे घर | H79: २० पेक्षा जास्त व ३० वर्ष पर्यंत | I79: 46 | J79: 15 | K79: =I79*J79 -> 690 | L79: =K79/10.764 -> 64.102564 | M79: =IFERROR(VLOOKUP(G79,RateB,4,TRUE),"") -> 480 | O79: =IFERROR(VLOOKUP(G79,RateB,5,TRUE),"") -> 13860 | P79: =IFERROR(VLOOKUP(H79,Demand,2,TRUE),"") -> 0.6 | Q79: 1 | R79: =IFERROR((L79*M79)+(L79*O79*P79)*Q79,"") -> 563846.15 | S79: =IFERROR(VLOOKUP(G79,Rate,2,0),"") -> 0.7 | T79: =IFERROR(R79*S79/1000,"") -> 394.69231 | X79: =IFERROR(T79+U79+V79+W79,"") -> 394.69231
A80: 67 | D80: 62 | E80: सरकार | F80: रूपसिंग रायसिंग सोनवणे | G80: बखळ किंवा पडसर जागा | H80: २० पेक्षा जास्त व ३० वर्ष पर्यंत | I80: 25 | J80: 15 | K80: =I80*J80 -> 375 | L80: =K80/10.764 -> 34.83835 | M80: =IFERROR(VLOOKUP(G80,RateB,4,TRUE),"") -> 480 | O80: =IFERROR(VLOOKUP(G80,RateB,5,TRUE),"") -> 0 | P80: =IFERROR(VLOOKUP(H80,Demand,2,TRUE),"") -> 0.6 | Q80: 1 | R80: =IFERROR((L80*M80)+(L80*O80*P80)*Q80,"") -> 16722.408 | S80: =IFERROR(VLOOKUP(G80,Rate,2,0),"") -> 2.5 | T80: =IFERROR(R80*S80/1000,"") -> 41.80602 | X80: =IFERROR(T80+U80+V80+W80,"") -> 41.80602
A81: 68 | D81: 63 | E81: सरकार | F81: रायसिंग कायसिंग सोनवणे | G81: बखळ किंवा पडसर जागा | H81: १० पेक्षा जास्त व २० वर्ष पर्यंत | I81: 60 | J81: 50 | K81: =I81*J81 -> 3000 | L81: =K81/10.764 -> 278.7068 | M81: =IFERROR(VLOOKUP(G81,RateB,4,TRUE),"") -> 480 | O81: =IFERROR(VLOOKUP(G81,RateB,5,TRUE),"") -> 0 | P81: =IFERROR(VLOOKUP(H81,Demand,2,TRUE),"") -> 1 | Q81: 1 | R81: =IFERROR((L81*M81)+(L81*O81*P81)*Q81,"") -> 133779.26 | S81: =IFERROR(VLOOKUP(G81,Rate,2,0),"") -> 2.5 | T81: =IFERROR(R81*S81/1000,"") -> 334.44816 | X81: =IFERROR(T81+U81+V81+W81,"") -> 334.44816
A82: 69 | D82: 64 | E82: सरकार | F82: पदमसिंग भारतसिंग गिरासे | G82: दगड विटांचे मातीचे घर | H82: ३० पेक्षा जास्त व ४० वर्ष पर्यंत | I82: 30 | J82: 20 | K82: =I82*J82 -> 600 | L82: =K82/10.764 -> 55.74136 | M82: =IFERROR(VLOOKUP(G82,RateB,4,TRUE),"") -> 480 | O82: =IFERROR(VLOOKUP(G82,RateB,5,TRUE),"") -> 13860 | P82: =IFERROR(VLOOKUP(H82,Demand,2,TRUE),"") -> 0.45 | Q82: 1 | R82: =IFERROR((L82*M82)+(L82*O82*P82)*Q82,"") -> 374414.72 | S82: =IFERROR(VLOOKUP(G82,Rate,2,0),"") -> 0.7 | T82: =IFERROR(R82*S82/1000,"") -> 262.0903 | X82: =IFERROR(T82+U82+V82+W82,"") -> 262.0903
A83: 70 | D83: 65 | E83: सरकार | F83: भिका वडर रतिलाल राजाराम शिंदे (वारस ) | G83: दगड विटांचे मातीचे घर | H83: ३० पेक्षा जास्त व ४० वर्ष पर्यंत | I83: 50 | J83: 14 | K83: =I83*J83 -> 700 | L83: =K83/10.764 -> 65.031587 | M83: =IFERROR(VLOOKUP(G83,RateB,4,TRUE),"") -> 480 | O83: =IFERROR(VLOOKUP(G83,RateB,5,TRUE),"") -> 13860 | P83: =IFERROR(VLOOKUP(H83,Demand,2,TRUE),"") -> 0.45 | Q83: 1 | R83: =IFERROR((L83*M83)+(L83*O83*P83)*Q83,"") -> 436817.17 | S83: =IFERROR(VLOOKUP(G83,Rate,2,0),"") -> 0.7 | T83: =IFERROR(R83*S83/1000,"") -> 305.77202 | X83: =IFERROR(T83+U83+V83+W83,"") -> 305.77202
A84: 71 | D84: 66 | E84: सरकार | F84: शोभाबाई भाईदास सुतार | G84: दगड विटांचे मातीचे घर | H84: १० पेक्षा जास्त व २० वर्ष पर्यंत | I84: 14 | J84: 40 | K84: =I84*J84 -> 560 | L84: =K84/10.764 -> 52.025269 | M84: =IFERROR(VLOOKUP(G84,RateB,4,TRUE),"") -> 480 | O84: =IFERROR(VLOOKUP(G84,RateB,5,TRUE),"") -> 13860 | P84: =IFERROR(VLOOKUP(H84,Demand,2,TRUE),"") -> 1 | Q84: 1 | R84: =IFERROR((L84*M84)+(L84*O84*P84)*Q84,"") -> 746042.36 | S84: =IFERROR(VLOOKUP(G84,Rate,2,0),"") -> 0.7 | T84: =IFERROR(R84*S84/1000,"") -> 522.22965 | X84: =IFERROR(T84+U84+V84+W84,"") -> 522.22965
A85: 72 | D85: 67 | E85: सरकार | F85: राजेंद्र सुकलाल सोनार | G85: दगड विटांचे मातीचे घर | H85: १० पेक्षा जास्त व २० वर्ष पर्यंत | I85: 15 | J85: 20 | K85: =I85*J85 -> 300 | L85: =K85/10.764 -> 27.87068 | M85: =IFERROR(VLOOKUP(G85,RateB,4,TRUE),"") -> 480 | O85: =IFERROR(VLOOKUP(G85,RateB,5,TRUE),"") -> 13860 | P85: =IFERROR(VLOOKUP(H85,Demand,2,TRUE),"") -> 1 | Q85: 1 | R85: =IFERROR((L85*M85)+(L85*O85*P85)*Q85,"") -> 399665.55 | S85: =IFERROR(VLOOKUP(G85,Rate,2,0),"") -> 0.7 | T85: =IFERROR(R85*S85/1000,"") -> 279.76589 | X85: =IFERROR(T85+U85+V85+W85,"") -> 279.76589
A86: 73 | D86: 68 | E86: सरकार | F86: इब्राइम मनवरखा पठाण बानुबी इब्राइम पठाण | G86: दगड विटांचे मातीचे घर | H86: १० पेक्षा जास्त व २० वर्ष पर्यंत | K86: =I86*J86 -> 0 | L86: =K86/10.764 -> 0 | M86: =IFERROR(VLOOKUP(G86,RateB,4,TRUE),"") -> 480 | O86: =IFERROR(VLOOKUP(G86,RateB,5,TRUE),"") -> 13860 | P86: =IFERROR(VLOOKUP(H86,Demand,2,TRUE),"") -> 1 | Q86: 1 | R86: =IFERROR((L86*M86)+(L86*O86*P86)*Q86,"") -> 0 | S86: =IFERROR(VLOOKUP(G86,Rate,2,0),"") -> 0.7 | T86: =IFERROR(R86*S86/1000,"") -> 0 | U86: 25 | V86: 25 | W86: 360 | X86: =IFERROR(T86+U86+V86+W86,"") -> 410
A87: 74 | D87: 68 | E87: सरकार | F87: हबीब खान मनवरखा पठाण | K87: =I87*J87 -> 0 | L87: =K87/10.764 -> 0 | M87: =IFERROR(VLOOKUP(G87,RateB,4,TRUE),"") | O87: =IFERROR(VLOOKUP(G87,RateB,5,TRUE),"") | P87: =IFERROR(VLOOKUP(H87,Demand,2,TRUE),"") | Q87: 1 | R87: =IFERROR((L87*M87)+(L87*O87*P87)*Q87,"") | S87: =IFERROR(VLOOKUP(G87,Rate,2,0),"") | T87: =IFERROR(R87*S87/1000,"") | X87: =IFERROR(T87+U87+V87+W87,"")
A88: 75 | D88: 69 | E88: सरकार | F88: मुमताजबी शे.अकबर | K88: =I88*J88 -> 0 | L88: =K88/10.764 -> 0 | M88: =IFERROR(VLOOKUP(G88,RateB,4,TRUE),"") | O88: =IFERROR(VLOOKUP(G88,RateB,5,TRUE),"") | P88: =IFERROR(VLOOKUP(H88,Demand,2,TRUE),"") | Q88: 1 | R88: =IFERROR((L88*M88)+(L88*O88*P88)*Q88,"") | S88: =IFERROR(VLOOKUP(G88,Rate,2,0),"") | T88: =IFERROR(R88*S88/1000,"") | U88: 25 | V88: 25 | W88: 360 | X88: =IFERROR(T88+U88+V88+W88,"")
A89: 76 | D89: 70 | E89: सरकार | F89: उत्तम बुधा लोहार | K89: =I89*J89 -> 0 | L89: =K89/10.764 -> 0 | M89: =IFERROR(VLOOKUP(G89,RateB,4,TRUE),"") | O89: =IFERROR(VLOOKUP(G89,RateB,5,TRUE),"") | P89: =IFERROR(VLOOKUP(H89,Demand,2,TRUE),"") | Q89: 1 | R89: =IFERROR((L89*M89)+(L89*O89*P89)*Q89,"") | S89: =IFERROR(VLOOKUP(G89,Rate,2,0),"") | T89: =IFERROR(R89*S89/1000,"") | X89: =IFERROR(T89+U89+V89+W89,"")
A90: 77 | D90: 71 | E90: सरकार | F90: पंढरीनाथ हिराचंद चौधरी | K90: =I90*J90 -> 0 | L90: =K90/10.764 -> 0 | M90: =IFERROR(VLOOKUP(G90,RateB,4,TRUE),"") | O90: =IFERROR(VLOOKUP(G90,RateB,5,TRUE),"") | P90: =IFERROR(VLOOKUP(H90,Demand,2,TRUE),"") | Q90: 1 | R90: =IFERROR((L90*M90)+(L90*O90*P90)*Q90,"") | S90: =IFERROR(VLOOKUP(G90,Rate,2,0),"") | T90: =IFERROR(R90*S90/1000,"") | X90: =IFERROR(T90+U90+V90+W90,"")
A91: 78 | D91: 72 | E91: सरकार | F91: आनंदा माणिक चौधरी | K91: =I91*J91 -> 0 | L91: =K91/10.764 -> 0 | M91: =IFERROR(VLOOKUP(G91,RateB,4,TRUE),"") | O91: =IFERROR(VLOOKUP(G91,RateB,5,TRUE),"") | P91: =IFERROR(VLOOKUP(H91,Demand,2,TRUE),"") | Q91: 1 | R91: =IFERROR((L91*M91)+(L91*O91*P91)*Q91,"") | S91: =IFERROR(VLOOKUP(G91,Rate,2,0),"") | T91: =IFERROR(R91*S91/1000,"") | X91: =IFERROR(T91+U91+V91+W91,"")
A92: 79 | D92: 73 | E92: सरकार | F92: लिलाबाई झिंगा चौधरी | K92: =I92*J92 -> 0 | L92: =K92/10.764 -> 0 | M92: =IFERROR(VLOOKUP(G92,RateB,4,TRUE),"") | O92: =IFERROR(VLOOKUP(G92,RateB,5,TRUE),"") | P92: =IFERROR(VLOOKUP(H92,Demand,2,TRUE),"") | Q92: 1 | R92: =IFERROR((L92*M92)+(L92*O92*P92)*Q92,"") | S92: =IFERROR(VLOOKUP(G92,Rate,2,0),"") | T92: =IFERROR(R92*S92/1000,"") | U92: 25 | V92: 25 | W92: 360 | X92: =IFERROR(T92+U92+V92+W92,"")
A93: 80 | D93: 74 | E93: सरकार | F93: पंढरीनाथ हिराचंद चौधरी | K93: =I93*J93 -> 0 | L93: =K93/10.764 -> 0 | M93: =IFERROR(VLOOKUP(G93,RateB,4,TRUE),"") | O93: =IFERROR(VLOOKUP(G93,RateB,5,TRUE),"") | P93: =IFERROR(VLOOKUP(H93,Demand,2,TRUE),"") | Q93: 1 | R93: =IFERROR((L93*M93)+(L93*O93*P93)*Q93,"") | S93: =IFERROR(VLOOKUP(G93,Rate,2,0),"") | T93: =IFERROR(R93*S93/1000,"") | X93: =IFERROR(T93+U93+V93+W93,"")
A94: 81 | D94: 75 | E94: सरकार | F94: ताराचंद एकोबा चौधरी | K94: =I94*J94 -> 0 | L94: =K94/10.764 -> 0 | M94: =IFERROR(VLOOKUP(G94,RateB,4,TRUE),"") | O94: =IFERROR(VLOOKUP(G94,RateB,5,TRUE),"") | P94: =IFERROR(VLOOKUP(H94,Demand,2,TRUE),"") | Q94: 1 | R94: =IFERROR((L94*M94)+(L94*O94*P94)*Q94,"") | S94: =IFERROR(VLOOKUP(G94,Rate,2,0),"") | T94: =IFERROR(R94*S94/1000,"") | X94: =IFERROR(T94+U94+V94+W94,"")
A95: 82 | D95: 76 | E95: सरकार | F95: अमृत ताराचंद चौधरी | K95: =I95*J95 -> 0 | L95: =K95/10.764 -> 0 | M95: =IFERROR(VLOOKUP(G95,RateB,4,TRUE),"") | O95: =IFERROR(VLOOKUP(G95,RateB,5,TRUE),"") | P95: =IFERROR(VLOOKUP(H95,Demand,2,TRUE),"") | Q95: 1 | R95: =IFERROR((L95*M95)+(L95*O95*P95)*Q95,"") | S95: =IFERROR(VLOOKUP(G95,Rate,2,0),"") | T95: =IFERROR(R95*S95/1000,"") | X95: =IFERROR(T95+U95+V95+W95,"")
A96: 83 | D96: 77 | E96: सरकार | F96: सदाशिव ताराचंद चौधरी | K96: =I96*J96 -> 0 | L96: =K96/10.764 -> 0 | M96: =IFERROR(VLOOKUP(G96,RateB,4,TRUE),"") | O96: =IFERROR(VLOOKUP(G96,RateB,5,TRUE),"") | P96: =IFERROR(VLOOKUP(H96,Demand,2,TRUE),"") | Q96: 1 | R96: =IFERROR((L96*M96)+(L96*O96*P96)*Q96,"") | S96: =IFERROR(VLOOKUP(G96,Rate,2,0),"") | T96: =IFERROR(R96*S96/1000,"") | U96: 25 | V96: 25 | W96: 360 | X96: =IFERROR(T96+U96+V96+W96,"")
A97: 84 | D97: 78 | E97: सरकार | F97: शानाभाऊ विष्णू पवार | K97: =I97*J97 -> 0 | L97: =K97/10.764 -> 0 | M97: =IFERROR(VLOOKUP(G97,RateB,4,TRUE),"") | O97: =IFERROR(VLOOKUP(G97,RateB,5,TRUE),"") | P97: =IFERROR(VLOOKUP(H97,Demand,2,TRUE),"") | Q97: 1 | R97: =IFERROR((L97*M97)+(L97*O97*P97)*Q97,"") | S97: =IFERROR(VLOOKUP(G97,Rate,2,0),"") | T97: =IFERROR(R97*S97/1000,"") | U97: 25 | V97: 25 | W97: 360 | X97: =IFERROR(T97+U97+V97+W97,"")
A98: 85 | D98: 79 | E98: सरकार | F98: रुबिनाबी शे.अशपाक | K98: =I98*J98 -> 0 | L98: =K98/10.764 -> 0 | M98: =IFERROR(VLOOKUP(G98,RateB,4,TRUE),"") | O98: =IFERROR(VLOOKUP(G98,RateB,5,TRUE),"") | P98: =IFERROR(VLOOKUP(H98,Demand,2,TRUE),"") | Q98: 1 | R98: =IFERROR((L98*M98)+(L98*O98*P98)*Q98,"") | S98: =IFERROR(VLOOKUP(G98,Rate,2,0),"") | T98: =IFERROR(R98*S98/1000,"") | U98: 25 | V98: 25 | W98: 360 | X98: =IFERROR(T98+U98+V98+W98,"")
A99: 86 | D99: 80 | E99: सरकार | F99: दिपक उत्तम लोहार | K99: =I99*J99 -> 0 | L99: =K99/10.764 -> 0 | M99: =IFERROR(VLOOKUP(G99,RateB,4,TRUE),"") | O99: =IFERROR(VLOOKUP(G99,RateB,5,TRUE),"") | P99: =IFERROR(VLOOKUP(H99,Demand,2,TRUE),"") | Q99: 1 | R99: =IFERROR((L99*M99)+(L99*O99*P99)*Q99,"") | S99: =IFERROR(VLOOKUP(G99,Rate,2,0),"") | T99: =IFERROR(R99*S99/1000,"") | U99: 25 | V99: 25 | W99: 360 | X99: =IFERROR(T99+U99+V99+W99,"")
A100: 87 | D100: 81 | E100: सरकार | F100: शांताराम विष्णू पवार | K100: =I100*J100 -> 0 | L100: =K100/10.764 -> 0 | M100: =IFERROR(VLOOKUP(G100,RateB,4,TRUE),"") | O100: =IFERROR(VLOOKUP(G100,RateB,5,TRUE),"") | P100: =IFERROR(VLOOKUP(H100,Demand,2,TRUE),"") | Q100: 1 | R100: =IFERROR((L100*M100)+(L100*O100*P100)*Q100,"") | S100: =IFERROR(VLOOKUP(G100,Rate,2,0),"") | T100: =IFERROR(R100*S100/1000,"") | U100: 25 | V100: 25 | W100: 360 | X100: =IFERROR(T100+U100+V100+W100,"")
...

Sheet उतारा
J2: 3 | L2: इंटर बटन दाबा
A4: नमुना नंबर. ८
A5: नियम ३२ (१)
A6: सन २०१८-१९ ते २०२२-२३ या वर्षासाठी आकारणी नोंदवही चा उतारा
E7: ग्रामपंचायत | H7: ='मुख्य पान '!E2 -> बळसाणे | M7: ता. | O7: ='मुख्य पान '!I2 -> साक्री | T7: जि. | V7: ='मुख्य पान '!M2 -> धुळे
A8: अ.नं. | B8: रस्त्याचे नाव | C8: सिटी सर्व्हे नं | D8: मालमत्ता क्रमांक | E8: मालकाचे नाव.* | F8: भोगवटदाराचे नाव | G8: मालमत्तेचे वर्णन | H8: मिळकत बांधकामाचे वर्ष | I8: लांबी (फुट) | J8: रुंदी (फुट) | K8: क्षेत्रफळ चौ.फुट | L8: क्षेत्रफळ चौ.मी.** | M8: रेडीरेकनर दर प्रती चौ मी. (रुपये) | P8: घसारा दर | Q8: ईमारतीच्या वापरानुसार भारांक | R8: भांडवली मुल्य (रुपये) | S8: कराचा दर (पैसे) | T8: कराची रक्कम | Y8: अपिलाचे निकाल व त्यानंतर केलेले फेरफार | AD8: नंतर वाढ किवा घट झालेल्या बाबतीत आदेशाच्या संदर्भात शेरा.
M10: जमीन | N10: ईमारत | O10: बांधकाम | T10: घरपट्टी | U10: दिवाबत्ती | V10: आरोग्य | W10: पाणीपट्टी | X10: एकुण | Y10: घरपट्टी | Z10: दिवाबत्ती | AA10: आरोग्य | AB10: पाणीपट्टी | AC10: एकुण
A11: 1 | B11: 2 | C11: 3 | D11: 4 | E11: 5 | F11: 6 | G11: 7 | H11: 8 | L11: 9 | M11: 10 | N11: 11 | O11: 12 | P11: 13 | Q11: 14 | R11: 15 | S11: 16 | T11: 17 | U11: 18 | V11: 19 | W11: 20 | X11: 21 | Y11: 22 | Z11: 23 | AA11: 24 | AB11: 25 | AC11: 26 | AD11: 27
A13: =IFERROR(VLOOKUP($J$2,Namuna8,1,TRUE),"") -> 3 | B13: =IFERROR(VLOOKUP($J$2,Namuna8,2,TRUE),"") | C13: =IFERROR(VLOOKUP($J$2,Namuna8,3,TRUE),"") -> 0 | D13: =IFERROR(VLOOKUP($J$2,Namuna8,4,FALSE),"") -> 3 | E13: =IFERROR(VLOOKUP($J$2,Namuna8,5,FALSE),"") -> तुकाराम महादू मासुळे | F13: =IFERROR(VLOOKUP($J$2,Namuna8,6,TRUE),"") -> स्वतः | G13: =IFERROR(VLOOKUP($J$2,Namuna8,7,TRUE),"") -> दगड विटांचे मातीचे घर | H13: =IFERROR(VLOOKUP($J$2,Namuna8,8,TRUE),"") -> ५० पेक्षा जास्त व ६० वर्ष पर्यंत | I13: =IFERROR(VLOOKUP($J$2,Namuna8,9,TRUE),"") -> 43 | J13: =IFERROR(VLOOKUP($J$2,Namuna8,10,TRUE),"") -> 15 | K13: =IFERROR(VLOOKUP($J$2,Namuna8,11,TRUE),"") -> 645 | L13: =IFERROR(VLOOKUP($J$2,Namuna8,12,TRUE),"") -> 59.921962 | M13: =IFERROR(VLOOKUP($J$2,Namuna8,13,TRUE),"") -> 480 | N13: =IFERROR(VLOOKUP($J$2,Namuna8,14,TRUE),"") -> 0 | O13: =IFERROR(VLOOKUP($J$2,Namuna8,15,TRUE),"") -> 13860 | P13: =IFERROR(VLOOKUP($J$2,Namuna8,16,TRUE),"") -> 0.2 | Q13: =IFERROR(VLOOKUP($J$2,Namuna8,17,TRUE),"") -> 1 | R13: =IFERROR(VLOOKUP($J$2,Namuna8,18,TRUE),"") -> 194866.22 | S13: =IFERROR(VLOOKUP($J$2,Namuna8,19,TRUE),"") -> 0.7 | T13: =IFERROR(VLOOKUP($J$2,Namuna8,20,TRUE),"") -> 136.40635 | U13: =IFERROR(VLOOKUP($J$2,Namuna8,21,TRUE),"") -> 0 | V13: =IFERROR(VLOOKUP($J$2,Namuna8,22,TRUE),"") -> 0 | W13: =IFERROR(VLOOKUP($J$2,Namuna8,23,TRUE),"") -> 0 | X13: =IFERROR(VLOOKUP($J$2,Namuna8,24,TRUE),"") -> 136.40635 | Y13: =IFERROR(VLOOKUP($J$2,Namuna8,25,TRUE),"") -> 0 | Z13: =IFERROR(VLOOKUP($J$2,Namuna8,26,TRUE),"") -> 0 | AA13: =IFERROR(VLOOKUP($J$2,Namuna8,27,TRUE),"") -> 0 | AB13: =IFERROR(VLOOKUP($J$2,Namuna8,28,TRUE),"") -> 0 | AC13: =IFERROR(VLOOKUP($J$2,Namuna8,29,TRUE),"") -> 0 | AD13: =IFERROR(VLOOKUP($J$2,Namuna8,30,TRUE),"") -> 0
B14: दिनांक. | D14: / /२०२१
T17: ग्रामसेवक
A18: टीप : | B18: * सदर मालमत्ता आकारणी नक्कल केवळ ग्रामपंचायत कर आकारणी बाबत असून ईतर कोणत्याही हक्काबाबत हा दस्त कायदेशीर पुरावा सांगत नाही.
B19: ** नमूद मोजमापे तांत्रिकदृष्ट्या प्रमाणित तथा प्रमाणबद्ध केलेली नाहीत.

Sheet नमुना ९
A1: ग्रामपंचायत
A2: ता. जि.
A3: सन 2019-20 या वर्षासाठी आकारणी केलेले मागणी नोंदवही
A4: अ. क्र. | B4: घर नंबर | C4: ज्याच्याकडून कर येणे आहे त्याचे नाव | E4: करांच्या मागणीच्या रकमा सन 2019-20
E5: घरपट्टी | H5: सफाईपट्टी | K5: दिवाबत्ती | N5: पाणीपट्टी | Q5: एकुण
C6: मालकाचे नाव | D6: भोगवटदाराचे नाव | E6: मागील | F6: चालू | G6: एकूण | H6: मागील | I6: चालू | J6: एकूण | K6: मागील | L6: चालू | M6: एकूण | N6: मागील | O6: चालू | P6: एकूण | Q6: मागील | R6: चालू | S6: एकूण
A7: ='[2]Namuna No. 8'!A11 -> 1 | B7: ='[2]Namuna No. 8'!D11 -> 1 | C7: अंकुश आणा भिल | F7: =SUMIF(Name,C7,GPA) -> 0 | G7: =SUM(E7:F7) -> 0 | I7: =SUMIF(Name,C7,SNT) -> 0 | J7: =SUM(H7:I7) -> 0 | L7: =SUMIF(Name,C7,SNT) -> 0 | M7: =SUM(K7:L7) -> 0 | O7: =SUMIF(Name,C7,WST) -> 0 | P7: =SUM(N7:O7) -> 0 | Q7: =E7+H7+K7+N7 -> 0 | R7: =F7+I7+L7+O7 -> 0 | S7: =SUM(Q7:R7) -> 0
A8: ='[2]Namuna No. 8'!A12 -> 2 | B8: ='[2]Namuna No. 8'!D12 -> 2.1 | C8: अंजाबाई रामा ठेलारी | F8: =SUMIF(Name,C8,GPA) -> 0 | G8: =SUM(E8:F8) -> 0 | I8: =SUMIF(Name,C8,SNT) -> 0 | J8: =SUM(H8:I8) -> 0 | L8: =SUMIF(Name,C8,SNT) -> 0 | M8: =SUM(K8:L8) -> 0 | O8: =SUMIF(Name,C8,WST) -> 0 | P8: =SUM(N8:O8) -> 0 | Q8: =E8+H8+K8+N8 -> 0 | R8: =F8+I8+L8+O8 -> 0 | S8: =SUM(Q8:R8) -> 0
A9: ='[2]Namuna No. 8'!A13 -> 3 | B9: ='[2]Namuna No. 8'!D13 -> 2.2 | C9: अंताबाई धुडकू भिल | F9: =SUMIF(Name,C9,GPA) -> 0 | G9: =SUM(E9:F9) -> 0 | I9: =SUMIF(Name,C9,SNT) -> 0 | J9: =SUM(H9:I9) -> 0 | L9: =SUMIF(Name,C9,SNT) -> 0 | M9: =SUM(K9:L9) -> 0 | O9: =SUMIF(Name,C9,WST) -> 0 | P9: =SUM(N9:O9) -> 0 | Q9: =E9+H9+K9+N9 -> 0 | R9: =F9+I9+L9+O9 -> 0 | S9: =SUM(Q9:R9) -> 0
A10: ='[2]Namuna No. 8'!A14 -> 4 | B10: ='[2]Namuna No. 8'!D14 -> 3 | C10: अंबर चंद्रा भिल | F10: =SUMIF(Name,C10,GPA) -> 0 | G10: =SUM(E10:F10) -> 0 | I10: =SUMIF(Name,C10,SNT) -> 0 | J10: =SUM(H10:I10) -> 0 | L10: =SUMIF(Name,C10,SNT) -> 0 | M10: =SUM(K10:L10) -> 0 | O10: =SUMIF(Name,C10,WST) -> 0 | P10: =SUM(N10:O10) -> 0 | Q10: =E10+H10+K10+N10 -> 0 | R10: =F10+I10+L10+O10 -> 0 | S10: =SUM(Q10:R10) -> 0
A11: ='[2]Namuna No. 8'!A15 -> 0 | C11: अकुबाई नारायण वंजारी | F11: =SUMIF(Name,C11,GPA) -> 0 | G11: =SUM(E11:F11) -> 0 | I11: =SUMIF(Name,C11,SNT) -> 0 | J11: =SUM(H11:I11) -> 0 | L11: =SUMIF(Name,C11,SNT) -> 0 | M11: =SUM(K11:L11) -> 0 | O11: =SUMIF(Name,C11,WST) -> 0 | P11: =SUM(N11:O11) -> 0 | Q11: =E11+H11+K11+N11 -> 0 | R11: =F11+I11+L11+O11 -> 0 | S11: =SUM(Q11:R11) -> 0
A12: ='[2]Namuna No. 8'!A16 -> 0 | C12: अक्षय राजेंद्र वाघ | F12: =SUMIF(Name,C12,GPA) -> 0 | G12: =SUM(E12:F12) -> 0 | I12: =SUMIF(Name,C12,SNT) -> 0 | J12: =SUM(H12:I12) -> 0 | L12: =SUMIF(Name,C12,SNT) -> 0 | M12: =SUM(K12:L12) -> 0 | O12: =SUMIF(Name,C12,WST) -> 0 | P12: =SUM(N12:O12) -> 0 | Q12: =E12+H12+K12+N12 -> 0 | R12: =F12+I12+L12+O12 -> 0 | S12: =SUM(Q12:R12) -> 0
A13: ='[2]Namuna No. 8'!A17 -> 0 | C13: अजय पंढरीनाथ माळी | F13: =SUMIF(Name,C13,GPA) -> 0 | G13: =SUM(E13:F13) -> 0 | I13: =SUMIF(Name,C13,SNT) -> 0 | J13: =SUM(H13:I13) -> 0 | L13: =SUMIF(Name,C13,SNT) -> 0 | M13: =SUM(K13:L13) -> 0 | O13: =SUMIF(Name,C13,WST) -> 0 | P13: =SUM(N13:O13) -> 0 | Q13: =E13+H13+K13+N13 -> 0 | R13: =F13+I13+L13+O13 -> 0 | S13: =SUM(Q13:R13) -> 0
A14: ='[2]Namuna No. 8'!A18 -> 0 | C14: अनिताबाई गोकुळ वंजारी | F14: =SUMIF(Name,C14,GPA) -> 0 | G14: =SUM(E14:F14) -> 0 | I14: =SUMIF(Name,C14,SNT) -> 0 | J14: =SUM(H14:I14) -> 0 | L14: =SUMIF(Name,C14,SNT) -> 0 | M14: =SUM(K14:L14) -> 0 | O14: =SUMIF(Name,C14,WST) -> 0 | P14: =SUM(N14:O14) -> 0 | Q14: =E14+H14+K14+N14 -> 0 | R14: =F14+I14+L14+O14 -> 0 | S14: =SUM(Q14:R14) -> 0
A15: ='[2]Namuna No. 8'!A19 -> 0 | C15: अनिल तुकाराम देवरे | F15: =SUMIF(Name,C15,GPA) -> 0 | G15: =SUM(E15:F15) -> 0 | I15: =SUMIF(Name,C15,SNT) -> 0 | J15: =SUM(H15:I15) -> 0 | L15: =SUMIF(Name,C15,SNT) -> 0 | M15: =SUM(K15:L15) -> 0 | O15: =SUMIF(Name,C15,WST) -> 0 | P15: =SUM(N15:O15) -> 0 | Q15: =E15+H15+K15+N15 -> 0 | R15: =F15+I15+L15+O15 -> 0 | S15: =SUM(Q15:R15) -> 0
A16: ='[2]Namuna No. 8'!A20 -> 0 | C16: अभिमन हरचंद्र सोनवणे | F16: =SUMIF(Name,C16,GPA) -> 0 | G16: =SUM(E16:F16) -> 0 | I16: =SUMIF(Name,C16,SNT) -> 0 | J16: =SUM(H16:I16) -> 0 | L16: =SUMIF(Name,C16,SNT) -> 0 | M16: =SUM(K16:L16) -> 0 | O16: =SUMIF(Name,C16,WST) -> 0 | P16: =SUM(N16:O16) -> 0 | Q16: =E16+H16+K16+N16 -> 0 | R16: =F16+I16+L16+O16 -> 0 | S16: =SUM(Q16:R16) -> 0
A17: ='[2]Namuna No. 8'!A21 -> 0 | C17: अभिषेक गोरख बिरारीस | F17: =SUMIF(Name,C17,GPA) -> 0 | G17: =SUM(E17:F17) -> 0 | I17: =SUMIF(Name,C17,SNT) -> 0 | J17: =SUM(H17:I17) -> 0 | L17: =SUMIF(Name,C17,SNT) -> 0 | M17: =SUM(K17:L17) -> 0 | O17: =SUMIF(Name,C17,WST) -> 0 | P17: =SUM(N17:O17) -> 0 | Q17: =E17+H17+K17+N17 -> 0 | R17: =F17+I17+L17+O17 -> 0 | S17: =SUM(Q17:R17) -> 0
A18: ='[2]Namuna No. 8'!A22 -> 0 | C18: अमरसिंग बंधू वंजारी | F18: =SUMIF(Name,C18,GPA) -> 0 | G18: =SUM(E18:F18) -> 0 | I18: =SUMIF(Name,C18,SNT) -> 0 | J18: =SUM(H18:I18) -> 0 | L18: =SUMIF(Name,C18,SNT) -> 0 | M18: =SUM(K18:L18) -> 0 | O18: =SUMIF(Name,C18,WST) -> 0 | P18: =SUM(N18:O18) -> 0 | Q18: =E18+H18+K18+N18 -> 0 | R18: =F18+I18+L18+O18 -> 0 | S18: =SUM(Q18:R18) -> 0
A19: ='[2]Namuna No. 8'!A23 -> 0 | C19: अरुण ओंकार पिंपळे रंजनाबाई ऑन पिंपळे | F19: =SUMIF(Name,C19,GPA) -> 0 | G19: =SUM(E19:F19) -> 0 | I19: =SUMIF(Name,C19,SNT) -> 0 | J19: =SUM(H19:I19) -> 0 | L19: =SUMIF(Name,C19,SNT) -> 0 | M19: =SUM(K19:L19) -> 0 | O19: =SUMIF(Name,C19,WST) -> 0 | P19: =SUM(N19:O19) -> 0 | Q19: =E19+H19+K19+N19 -> 0 | R19: =F19+I19+L19+O19 -> 0 | S19: =SUM(Q19:R19) -> 0
A20: ='[2]Namuna No. 8'!A24 -> 0 | C20: अर्चना मनोज पाटील | F20: =SUMIF(Name,C20,GPA) -> 0 | G20: =SUM(E20:F20) -> 0 | I20: =SUMIF(Name,C20,SNT) -> 0 | J20: =SUM(H20:I20) -> 0 | L20: =SUMIF(Name,C20,SNT) -> 0 | M20: =SUM(K20:L20) -> 0 | O20: =SUMIF(Name,C20,WST) -> 0 | P20: =SUM(N20:O20) -> 0 | Q20: =E20+H20+K20+N20 -> 0 | R20: =F20+I20+L20+O20 -> 0 | S20: =SUM(Q20:R20) -> 0
A21: ='[2]Namuna No. 8'!A25 -> 0 | C21: अर्जुन बापू शिरसाठ जसोदाबाई अर्जुन शिरसाठ | F21: =SUMIF(Name,C21,GPA) -> 0 | G21: =SUM(E21:F21) -> 0 | I21: =SUMIF(Name,C21,SNT) -> 0 | J21: =SUM(H21:I21) -> 0 | L21: =SUMIF(Name,C21,SNT) -> 0 | M21: =SUM(K21:L21) -> 0 | O21: =SUMIF(Name,C21,WST) -> 0 | P21: =SUM(N21:O21) -> 0 | Q21: =E21+H21+K21+N21 -> 0 | R21: =F21+I21+L21+O21 -> 0 | S21: =SUM(Q21:R21) -> 0
A22: ='[2]Namuna No. 8'!A26 -> 0 | C22: अलकाबाई बापू पाटील | F22: =SUMIF(Name,C22,GPA) -> 0 | G22: =SUM(E22:F22) -> 0 | I22: =SUMIF(Name,C22,SNT) -> 0 | J22: =SUM(H22:I22) -> 0 | L22: =SUMIF(Name,C22,SNT) -> 0 | M22: =SUM(K22:L22) -> 0 | O22: =SUMIF(Name,C22,WST) -> 0 | P22: =SUM(N22:O22) -> 0 | Q22: =E22+H22+K22+N22 -> 0 | R22: =F22+I22+L22+O22 -> 0 | S22: =SUM(Q22:R22) -> 0
... A503: ='[2]Namuna No. 8'!A507 -> 0 | C503: हेमा फकीरा वंजारी | F503: =SUMIF(Name,C503,GPA) -> 0 | G503: =SUM(E503:F503) -> 0 | I503: =SUMIF(Name,C503,SNT) -> 0 | J503: =SUM(H503:I503) -> 0 | L503: =SUMIF(Name,C503,SNT) -> 0 | M503: =SUM(K503:L503) -> 0 | O503: =SUMIF(Name,C503,WST) -> 0 | P503: =SUM(N503:O503) -> 0 | Q503: =E503+H503+K503+N503 -> 0 | R503: =F503+I503+L503+O503 -> 0 | S503: =SUM(Q503:R503) -> 0
A504: ='[2]Namuna No. 8'!A508 -> 0 | F504: =SUMIF(Name,C504,GPA) -> 0 | G504: =SUM(E504:F504) -> 0 | I504: =SUMIF(Name,C504,SNT) -> 0 | J504: =SUM(H504:I504) -> 0 | L504: =SUMIF(Name,C504,SNT) -> 0 | M504: =SUM(K504:L504) -> 0 | O504: =SUMIF(Name,C504,WST) -> 0 | P504: =SUM(N504:O504) -> 0 | Q504: =E504+H504+K504+N504 -> 0 | R504: =F504+I504+L504+O504 -> 0 | S504: =SUM(Q504:R504) -> 0
A505: ='[2]Namuna No. 8'!A509 -> 0 | F505: =SUMIF(Name,C505,GPA) -> 0 | G505: =SUM(E505:F505) -> 0 | I505: =SUMIF(Name,C505,SNT) -> 0 | J505: =SUM(H505:I505) -> 0 | L505: =SUMIF(Name,C505,SNT) -> 0 | M505: =SUM(K505:L505) -> 0 | O505: =SUMIF(Name,C505,WST) -> 0 | P505: =SUM(N505:O505) -> 0 | Q505: =E505+H505+K505+N505 -> 0 | R505: =F505+I505+L505+O505 -> 0 | S505: =SUM(Q505:R505) -> 0
A506: ='[2]Namuna No. 8'!A510 -> 0 | F506: =SUMIF(Name,C506,GPA) -> 0 | G506: =SUM(E506:F506) -> 0 | I506: =SUMIF(Name,C506,SNT) -> 0 | J506: =SUM(H506:I506) -> 0 | L506: =SUMIF(Name,C506,SNT) -> 0 | M506: =SUM(K506:L506) -> 0 | O506: =SUMIF(Name,C506,WST) -> 0 | P506: =SUM(N506:O506) -> 0 | Q506: =E506+H506+K506+N506 -> 0 | R506: =F506+I506+L506+O506 -> 0 | S506: =SUM(Q506:R506) -> 0
A507: ='[2]Namuna No. 8'!A511 -> 0 | F507: =SUMIF(Name,C507,GPA) -> 0 | G507: =SUM(E507:F507) -> 0 | I507: =SUMIF(Name,C507,SNT) -> 0 | J507: =SUM(H507:I507) -> 0 | L507: =SUMIF(Name,C507,SNT) -> 0 | M507: =SUM(K507:L507) -> 0 | O507: =SUMIF(Name,C507,WST) -> 0 | P507: =SUM(N507:O507) -> 0 | Q507: =E507+H507+K507+N507 -> 0 | R507: =F507+I507+L507+O507 -> 0 | S507: =SUM(Q507:R507) -> 0
A508: ='[2]Namuna No. 8'!A512 -> 0 | F508: =SUMIF(Name,C508,GPA) -> 0 | G508: =SUM(E508:F508) -> 0 | I508: =SUMIF(Name,C508,SNT) -> 0 | J508: =SUM(H508:I508) -> 0 | L508: =SUMIF(Name,C508,SNT) -> 0 | M508: =SUM(K508:L508) -> 0 | O508: =SUMIF(Name,C508,WST) -> 0 | P508: =SUM(N508:O508) -> 0 | Q508: =E508+H508+K508+N508 -> 0 | R508: =F508+I508+L508+O508 -> 0 | S508: =SUM(Q508:R508) -> 0
A509: ='[2]Namuna No. 8'!A513 -> 0 | F509: =SUMIF(Name,C509,GPA) -> 0 | G509: =SUM(E509:F509) -> 0 | I509: =SUMIF(Name,C509,SNT) -> 0 | J509: =SUM(H509:I509) -> 0 | L509: =SUMIF(Name,C509,SNT) -> 0 | M509: =SUM(K509:L509) -> 0 | O509: =SUMIF(Name,C509,WST) -> 0 | P509: =SUM(N509:O509) -> 0 | Q509: =E509+H509+K509+N509 -> 0 | R509: =F509+I509+L509+O509 -> 0 | S509: =SUM(Q509:R509) -> 0
A510: ='[2]Namuna No. 8'!A514 -> 0 | F510: =SUMIF(Name,C510,GPA) -> 0 | G510: =SUM(E510:F510) -> 0 | I510: =SUMIF(Name,C510,SNT) -> 0 | J510: =SUM(H510:I510) -> 0 | L510: =SUMIF(Name,C510,SNT) -> 0 | M510: =SUM(K510:L510) -> 0 | O510: =SUMIF(Name,C510,WST) -> 0 | P510: =SUM(N510:O510) -> 0 | Q510: =E510+H510+K510+N510 -> 0 | R510: =F510+I510+L510+O510 -> 0 | S510: =SUM(Q510:R510) -> 0
A511: ='[2]Namuna No. 8'!A515 -> 0 | F511: =SUMIF(Name,C511,GPA) -> 0 | G511: =SUM(E511:F511) -> 0 | I511: =SUMIF(Name,C511,SNT) -> 0 | J511: =SUM(H511:I511) -> 0 | L511: =SUMIF(Name,C511,SNT) -> 0 | M511: =SUM(K511:L511) -> 0 | O511: =SUMIF(Name,C511,WST) -> 0 | P511: =SUM(N511:O511) -> 0 | Q511: =E511+H511+K511+N511 -> 0 | R511: =F511+I511+L511+O511 -> 0 | S511: =SUM(Q511:R511) -> 0
A512: ='[2]Namuna No. 8'!A516 -> 0 | F512: =SUMIF(Name,C512,GPA) -> 0 | G512: =SUM(E512:F512) -> 0 | I512: =SUMIF(Name,C512,SNT) -> 0 | J512: =SUM(H512:I512) -> 0 | L512: =SUMIF(Name,C512,SNT) -> 0 | M512: =SUM(K512:L512) -> 0 | O512: =SUMIF(Name,C512,WST) -> 0 | P512: =SUM(N512:O512) -> 0 | Q512: =E512+H512+K512+N512 -> 0 | R512: =F512+I512+L512+O512 -> 0 | S512: =SUM(Q512:R512) -> 0
A513: ='[2]Namuna No. 8'!A517 -> 0 | F513: =SUMIF(Name,C513,GPA) -> 0 | G513: =SUM(E513:F513) -> 0 | I513: =SUMIF(Name,C513,SNT) -> 0 | J513: =SUM(H513:I513) -> 0 | L513: =SUMIF(Name,C513,SNT) -> 0 | M513: =SUM(K513:L513) -> 0 | O513: =SUMIF(Name,C513,WST) -> 0 | P513: =SUM(N513:O513) -> 0 | Q513: =E513+H513+K513+N513 -> 0 | R513: =F513+I513+L513+O513 -> 0 | S513: =SUM(Q513:R513) -> 0
A514: ='[2]Namuna No. 8'!A518 -> 0 | F514: =SUMIF(Name,C514,GPA) -> 0 | G514: =SUM(E514:F514) -> 0 | I514: =SUMIF(Name,C514,SNT) -> 0 | J514: =SUM(H514:I514) -> 0 | L514: =SUMIF(Name,C514,SNT) -> 0 | M514: =SUM(K514:L514) -> 0 | O514: =SUMIF(Name,C514,WST) -> 0 | P514: =SUM(N514:O514) -> 0 | Q514: =E514+H514+K514+N514 -> 0 | R514: =F514+I514+L514+O514 -> 0 | S514: =SUM(Q514:R514) -> 0
A515: ='[2]Namuna No. 8'!A519 -> 0 | F515: =SUMIF(Name,C515,GPA) -> 0 | G515: =SUM(E515:F515) -> 0 | I515: =SUMIF(Name,C515,SNT) -> 0 | J515: =SUM(H515:I515) -> 0 | L515: =SUMIF(Name,C515,SNT) -> 0 | M515: =SUM(K515:L515) -> 0 | O515: =SUMIF(Name,C515,WST) -> 0 | P515: =SUM(N515:O515) -> 0 | Q515: =E515+H515+K515+N515 -> 0 | R515: =F515+I515+L515+O515 -> 0 | S515: =SUM(Q515:R515) -> 0
... A1197: ='[2]Namuna No. 8'!A1201 -> 0 | F1197: =SUMIF(Name,C1197,GPA) -> 0 | G1197: =SUM(E1197:F1197) -> 0 | I1197: =SUMIF(Name,C1197,SNT) -> 0 | J1197: =SUM(H1197:I1197) -> 0 | L1197: =SUMIF(Name,C1197,SNT) -> 0 | M1197: =SUM(K1197:L1197) -> 0 | O1197: =SUMIF(Name,C1197,WST) -> 0 | P1197: =SUM(N1197:O1197) -> 0 | Q1197: =E1197+H1197+K1197+N1197 -> 0 | R1197: =F1197+I1197+L1197+O1197 -> 0 | S1197: =SUM(Q1197:R1197) -> 0

Sheet Sheet2
A1: 1
A2: 2
A3: 3
A4: 4
A5: 5
A6: 6
A7: 7
A8: 8
A9: 9
A10: 10
A11: 11
A12: 12
... A666: 666

Sheet बिल
A1: ग्रामपंचायत कायदा १९५८ अधिनियम ३ चे कलम १२९ (१) अन्वये
A3: कर मागणी बील
G4: बील क्रमांक.
A5: ग्राम पंचायत | E5: ता. | G5: जि.
A6: श्री/सौ.
A7: घर नं. | C7: चे मालक अगर वहीवाटदार यांस तुम्हास कडूण
A8: ग्रामपंचायतीस येने असलेल्या कर अगर पट्टीच्या रकमा सन २०१९-२०.
A9: सालाकरीता खालीलप्रमाणे आहेत.
A10: करांची नांवे | C10: मागील बाकी | E10: चालू कर | G10: एकूण रक्कम
C11: रुपये | D11: पैसे | E11: रुपये | F11: पैसे | G11: रुपये | H11: पैसे
A12: १) घरपट्टी कर | G12: =C12+E12 -> 0
A13: २) ज. सफ़ाई कर | G13: =C13+E13 -> 0
A14: ३) पाणीपट्टी कर | G14: =C14+E14 -> 0
A15: ४) दिवाबत्ती कर | G15: =C15+E15 -> 0
B16: एकूण | C16: =C12+C13+C14+C15 -> 0 | E16: =SUM(E12:E15) -> 0 | G16: =C16+E16 -> 0
A17: ५) ५% सूट | G17: =C17+E17 -> 0
A18: ६) ५% लेट फी | G18: =C18+E18 -> 0
A19: ७) नोटीस फी | G19: =C19+E19 -> 0
A20: ८) ईतर | G20: =C20+E20 -> 0
B21: एकूण | C21: =SUM(C16:C20) -> 0 | E21: =E16+E18 -> 0 | G21: =C21+E21 -> 0
B22: वरीलप्रमाणे तुम्हाकडुन येने असलेले रुपये तुम्हा कडूण हे बिल
A23: पोहचले तारखेपासून ७ दिवसाचे आंत भरण्यात न येईल तर ग्रामपंचायत
A24: कायदा कलम १२९ (२) नुसार नोटीस बजावण्यात येईल.
A27: तारीख. | B27: 43556
F28: ग्रामसेवक

Sheet नोटीस
A1: ग्रामपंचायत कायदा १९५८ अधिनियम ३ चे कलम १२९ (१) अन्वये
A3: कर मागणी बील
G4: बील क्रमांक.
A5: ग्रामपंचायत | E5: ता. | G5: जि.
A6: श्री/सौ.
A7: घर नं. | C7: चे मालक अगर वहीवाटदार यांस तुम्हास कडूण
A8: ग्रामपंचायतीस येने असलेल्या कर अगर पट्टीच्या रकमा सन २०१९-२०.
A9: सालाकरीता खालीलप्रमाणे आहेत.
A10: करांची नांवे | C10: मागील बाकी | E10: चालू कर | G10: एकूण रक्कम
C11: रुपये | D11: पैसे | E11: रुपये | F11: पैसे | G11: रुपये | H11: पैसे
A12: १) घरपट्टी कर | G12: =C12+E12 -> 0
A13: २) ज. सफ़ाई कर | G13: =C13+E13 -> 0
A14: ३) पाणीपट्टी कर | G14: =C14+E14 -> 0
A15: ४) दिवाबत्ती कर | G15: =C15+E15 -> 0
B16: एकूण | C16: =C12+C13+C14+C15 -> 0 | E16: =SUM(E12:E15) -> 0 | G16: =C16+E16 -> 0
A17: ५) ५% सूट | E17: =E12/100*5 -> 0 | G17: =C17+E17 -> 0
A18: ६) ५% लेट फी | C18: =C12/100*5 -> 0 | E18: =E12/100*5 -> 0 | G18: =C18+E18 -> 0
A19: ७) नोटीस फी | C19: 0 | E19: 0 | G19: =C19+E19 -> 0
A20: ८) ईतर | C20: 0 | E20: 0 | G20: =C20+E20 -> 0
B21: एकूण | C21: =SUM(C16:C20) -> 0 | E21: =E16+E18 -> 0 | G21: =C21+E21 -> 0
B22: वरीलप्रमाणे तुम्हाकडुन येने असलेले रुपये तुम्हा कडूण हे बिल
A23: पोहचले तारखेपासून ७ दिवसाचे आंत भरण्यात न येईल तर ग्रामपंचायत
A24: कायदा कलम १२९ (२) नुसार नोटीस बजावण्यात येईल.
A27: तारीख.
F28: ग्रामसेवक

Sheet खर्च बाजू
F2: खर्च बाजु खालील तक्त्या मध्ये भरा
B3: सूचना : दिनांक या रकान्यापासून लिहिण्यास सुरुवात करावी.
C4: < या रंगाच्या रकान्यात काही लिहू नये.
B5: 1 | C5: 2 | D5: 3 | E5: 4 | F5: 5 | G5: 6 | H5: 7
B6: व्हौचर | C6: वार | D6: दिनांक | E6: नाव | F6: कश्याकरिता दिले | G6: रक्कम | H6: अक्षरी रक्कम
B7: =IF(Table15[[#This Row],[वार]]="","",ROW(1:1)) -> 1 | C7: =IF(Table15[[#This Row],[दिनांक]]="","",TEXT(Table15[[#This Row],[दिनांक]],"ddd")) -> Sun | D7: 43961 | E7: राहुल मोरे | F7: दिवाबत्ती | G7: 12540 | H7: =IFERROR(IF(LEN(G7)>11,LMT,IF(VALUE(RIGHT(INT(G7/ABJ),2))=0,"",INDEX(MA_Num_S2G,RIGHT(INT(G7/ABJ),2)) &ABW)&IF(VALUE(RIGHT(INT(G7/KTI),2))=0,"",INDEX(MA_Num_S2G,RIGHT(INT(G7/KTI),2))&KTW)&IF(VALUE(RIGHT(INT(G7/LKS),2))=0,"",INDEX(MA_Num_S2G,RIGHT(INT(G7/LKS),2))&LKW)&IF(VALUE(RIGHT(INT(G7/HZR),2))=0,"",INDEX(MA_Num_S2G,RIGHT(INT(G7/HZR),2))&HZW)&IF(RIGHT(G7,3)="100",STK,IF(VALUE(RIGHT(INT(G7/100),1))=0,"",INDEX(MA_Num_S2G,RIGHT(INT(G7/100),1))&SHE))&IF(INT(RIGHT(G7,2))=0,"",INDEX(MA_Num_S2G,RIGHT(G7,2)))&IF(G7=0,ZRO,"")),"") -> बारा हजार पाचशे चाळीस
B8: =IF(Table15[[#This Row],[वार]]="","",ROW(2:2)) -> 2 | C8: =IF(Table15[[#This Row],[दिनांक]]="","",TEXT(Table15[[#This Row],[दिनांक]],"ddd")) -> Sat | D8: 44212 | E8: विजय मोरे | F8: सफाई | G8: 1212 | H8: =IFERROR(IF(LEN(G8)>11,LMT,IF(VALUE(RIGHT(INT(G8/ABJ),2))=0,"",INDEX(MA_Num_S2G,RIGHT(INT(G8/ABJ),2)) &ABW)&IF(VALUE(RIGHT(INT(G8/KTI),2))=0,"",INDEX(MA_Num_S2G,RIGHT(INT(G8/KTI),2))&KTW)&IF(VALUE(RIGHT(INT(G8/LKS),2))=0,"",INDEX(MA_Num_S2G,RIGHT(INT(G8/LKS),2))&LKW)&IF(VALUE(RIGHT(INT(G8/HZR),2))=0,"",INDEX(MA_Num_S2G,RIGHT(INT(G8/HZR),2))&HZW)&IF(RIGHT(G8,3)="100",STK,IF(VALUE(RIGHT(INT(G8/100),1))=0,"",INDEX(MA_Num_S2G,RIGHT(INT(G8/100),1))&SHE))&IF(INT(RIGHT(G8,2))=0,"",INDEX(MA_Num_S2G,RIGHT(G8,2)))&IF(G8=0,ZRO,"")),"") -> एक हजार दोनशे बारा
B9: =IF(Table15[[#This Row],[वार]]="","",ROW(3:3)) -> 3 | C9: =IF(Table15[[#This Row],[दिनांक]]="","",TEXT(Table15[[#This Row],[दिनांक]],"ddd")) -> Mon | D9: 44228 | E9: प्रमोद शिंदे | F9: रस्ता | G9: 55500 | H9: =IFERROR(IF(LEN(G9)>11,LMT,IF(VALUE(RIGHT(INT(G9/ABJ),2))=0,"",INDEX(MA_Num_S2G,RIGHT(INT(G9/ABJ),2)) &ABW)&IF(VALUE(RIGHT(INT(G9/KTI),2))=0,"",INDEX(MA_Num_S2G,RIGHT(INT(G9/KTI),2))&KTW)&IF(VALUE(RIGHT(INT(G9/LKS),2))=0,"",INDEX(MA_Num_S2G,RIGHT(INT(G9/LKS),2))&LKW)&IF(VALUE(RIGHT(INT(G9/HZR),2))=0,"",INDEX(MA_Num_S2G,RIGHT(INT(G9/HZR),2))&HZW)&IF(RIGHT(G9,3)="100",STK,IF(VALUE(RIGHT(INT(G9/100),1))=0,"",INDEX(MA_Num_S2G,RIGHT(INT(G9/100),1))&SHE))&IF(INT(RIGHT(G9,2))=0,"",INDEX(MA_Num_S2G,RIGHT(G9,2)))&IF(G9=0,ZRO,"")),"") -> पंचावन्न हजार पाचशे
B10: =IF(Table15[[#This Row],[वार]]="","",ROW(4:4)) -> 4 | C10: =IF(Table15[[#This Row],[दिनांक]]="","",TEXT(Table15[[#This Row],[दिनांक]],"ddd")) -> Tue | D10: 44243 | E10: दिनेश सरक | F10: पाईप लाईन | G10: 25000 | H10: =IFERROR(IF(LEN(G10)>11,LMT,IF(VALUE(RIGHT(INT(G10/ABJ),2))=0,"",INDEX(MA_Num_S2G,RIGHT(INT(G10/ABJ),2)) &ABW)&IF(VALUE(RIGHT(INT(G10/KTI),2))=0,"",INDEX(MA_Num_S2G,RIGHT(INT(G10/KTI),2))&KTW)&IF(VALUE(RIGHT(INT(G10/LKS),2))=0,"",INDEX(MA_Num_S2G,RIGHT(INT(G10/LKS),2))&LKW)&IF(VALUE(RIGHT(INT(G10/HZR),2))=0,"",INDEX(MA_Num_S2G,RIGHT(INT(G10/HZR),2))&HZW)&IF(RIGHT(G10,3)="100",STK,IF(VALUE(RIGHT(INT(G10/100),1))=0,"",INDEX(MA_Num_S2G,RIGHT(INT(G10/100),1))&SHE))&IF(INT(RIGHT(G10,2))=0,"",INDEX(MA_Num_S2G,RIGHT(G10,2)))&IF(G10=0,ZRO,"")),"") -> पंचवीस हजार
B11: =IF(Table15[[#This Row],[वार]]="","",ROW(5:5)) -> 5 | C11: =IF(Table15[[#This Row],[दिनांक]]="","",TEXT(Table15[[#This Row],[दिनांक]],"ddd")) -> Thu | D11: 44245 | E11: दिपक | F11: रस्ता दुरुस्ती | G11: 10000 | H11: =IFERROR(IF(LEN(G11)>11,LMT,IF(VALUE(RIGHT(INT(G11/ABJ),2))=0,"",INDEX(MA_Num_S2G,RIGHT(INT(G11/ABJ),2)) &ABW)&IF(VALUE(RIGHT(INT(G11/KTI),2))=0,"",INDEX(MA_Num_S2G,RIGHT(INT(G11/KTI),2))&KTW)&IF(VALUE(RIGHT(INT(G11/LKS),2))=0,"",INDEX(MA_Num_S2G,RIGHT(INT(G11/LKS),2))&LKW)&IF(VALUE(RIGHT(INT(G11/HZR),2))=0,"",INDEX(MA_Num_S2G,RIGHT(INT(G11/HZR),2))&HZW)&IF(RIGHT(G11,3)="100",STK,IF(VALUE(RIGHT(INT(G11/100),1))=0,"",INDEX(MA_Num_S2G,RIGHT(INT(G11/100),1))&SHE))&IF(INT(RIGHT(G11,2))=0,"",INDEX(MA_Num_S2G,RIGHT(G11,2)))&IF(G11=0,ZRO,"")),"") -> दहा हजार
B12: =IF(Table15[[#This Row],[वार]]="","",ROW(6:6)) -> 6 | C12: =IF(Table15[[#This Row],[दिनांक]]="","",TEXT(Table15[[#This Row],[दिनांक]],"ddd")) -> Mon | D12: 44284 | E12: जयेश | F12: वोल | G12: 25000 | H12: =IFERROR(IF(LEN(G12)>11,LMT,IF(VALUE(RIGHT(INT(G12/ABJ),2))=0,"",INDEX(MA_Num_S2G,RIGHT(INT(G12/ABJ),2)) &ABW)&IF(VALUE(RIGHT(INT(G12/KTI),2))=0,"",INDEX(MA_Num_S2G,RIGHT(INT(G12/KTI),2))&KTW)&IF(VALUE(RIGHT(INT(G12/LKS),2))=0,"",INDEX(MA_Num_S2G,RIGHT(INT(G12/LKS),2))&LKW)&IF(VALUE(RIGHT(INT(G12/HZR),2))=0,"",INDEX(MA_Num_S2G,RIGHT(INT(G12/HZR),2))&HZW)&IF(RIGHT(G12,3)="100",STK,IF(VALUE(RIGHT(INT(G12/100),1))=0,"",INDEX(MA_Num_S2G,RIGHT(INT(G12/100),1))&SHE))&IF(INT(RIGHT(G12,2))=0,"",INDEX(MA_Num_S2G,RIGHT(G12,2)))&IF(G12=0,ZRO,"")),"") -> पंचवीस हजार
B13: =IF(Table15[[#This Row],[वार]]="","",ROW(7:7)) -> 7 | C13: =IF(Table15[[#This Row],[दिनांक]]="","",TEXT(Table15[[#This Row],[दिनांक]],"ddd")) -> Sun | D13: 44311 | E13: हर्शल | F13: बियाणे | G13: 5500 | H13: =IFERROR(IF(LEN(G13)>11,LMT,IF(VALUE(RIGHT(INT(G13/ABJ),2))=0,"",INDEX(MA_Num_S2G,RIGHT(INT(G13/ABJ),2)) &ABW)&IF(VALUE(RIGHT(INT(G13/KTI),2))=0,"",INDEX(MA_Num_S2G,RIGHT(INT(G13/KTI),2))&KTW)&IF(VALUE(RIGHT(INT(G13/LKS),2))=0,"",INDEX(MA_Num_S2G,RIGHT(INT(G13/LKS),2))&LKW)&IF(VALUE(RIGHT(INT(G13/HZR),2))=0,"",INDEX(MA_Num_S2G,RIGHT(INT(G13/HZR),2))&HZW)&IF(RIGHT(G13,3)="100",STK,IF(VALUE(RIGHT(INT(G13/100),1))=0,"",INDEX(MA_Num_S2G,RIGHT(INT(G13/100),1))&SHE))&IF(INT(RIGHT(G13,2))=0,"",INDEX(MA_Num_S2G,RIGHT(G13,2)))&IF(G13=0,ZRO,"")),"") -> पाच हजार पाचशे
B14: =IF(Table15[[#This Row],[वार]]="","",ROW(8:8)) -> 8 | C14: =IF(Table15[[#This Row],[दिनांक]]="","",TEXT(Table15[[#This Row],[दिनांक]],"ddd")) -> १३/०२/२०२१ | D14: १३/०२/२०२१ | E14: जी ती अहिरे | F14: पाणी पुरवठा | G14: 10000 | H14: =IFERROR(IF(LEN(G14)>11,LMT,IF(VALUE(RIGHT(INT(G14/ABJ),2))=0,"",INDEX(MA_Num_S2G,RIGHT(INT(G14/ABJ),2)) &ABW)&IF(VALUE(RIGHT(INT(G14/KTI),2))=0,"",INDEX(MA_Num_S2G,RIGHT(INT(G14/KTI),2))&KTW)&IF(VALUE(RIGHT(INT(G14/LKS),2))=0,"",INDEX(MA_Num_S2G,RIGHT(INT(G14/LKS),2))&LKW)&IF(VALUE(RIGHT(INT(G14/HZR),2))=0,"",INDEX(MA_Num_S2G,RIGHT(INT(G14/HZR),2))&HZW)&IF(RIGHT(G14,3)="100",STK,IF(VALUE(RIGHT(INT(G14/100),1))=0,"",INDEX(MA_Num_S2G,RIGHT(INT(G14/100),1))&SHE))&IF(INT(RIGHT(G14,2))=0,"",INDEX(MA_Num_S2G,RIGHT(G14,2)))&IF(G14=0,ZRO,"")),"") -> दहा हजार
B15: =IF(Table15[[#This Row],[वार]]="","",ROW(9:9)) | C15: =IF(Table15[[#This Row],[दिनांक]]="","",TEXT(Table15[[#This Row],[दिनांक]],"ddd")) | H15: =IFERROR(IF(LEN(G15)>11,LMT,IF(VALUE(RIGHT(INT(G15/ABJ),2))=0,"",INDEX(MA_Num_S2G,RIGHT(INT(G15/ABJ),2)) &ABW)&IF(VALUE(RIGHT(INT(G15/KTI),2))=0,"",INDEX(MA_Num_S2G,RIGHT(INT(G15/KTI),2))&KTW)&IF(VALUE(RIGHT(INT(G15/LKS),2))=0,"",INDEX(MA_Num_S2G,RIGHT(INT(G15/LKS),2))&LKW)&IF(VALUE(RIGHT(INT(G15/HZR),2))=0,"",INDEX(MA_Num_S2G,RIGHT(INT(G15/HZR),2))&HZW)&IF(RIGHT(G15,3)="100",STK,IF(VALUE(RIGHT(INT(G15/100),1))=0,"",INDEX(MA_Num_S2G,RIGHT(INT(G15/100),1))&SHE))&IF(INT(RIGHT(G15,2))=0,"",INDEX(MA_Num_S2G,RIGHT(G15,2)))&IF(G15=0,ZRO,"")),"")
B16: =IF(Table15[[#This Row],[वार]]="","",ROW(10:10)) | C16: =IF(Table15[[#This Row],[दिनांक]]="","",TEXT(Table15[[#This Row],[दिनांक]],"ddd")) | H16: =IFERROR(IF(LEN(G16)>11,LMT,IF(VALUE(RIGHT(INT(G16/ABJ),2))=0,"",INDEX(MA_Num_S2G,RIGHT(INT(G16/ABJ),2)) &ABW)&IF(VALUE(RIGHT(INT(G16/KTI),2))=0,"",INDEX(MA_Num_S2G,RIGHT(INT(G16/KTI),2))&KTW)&IF(VALUE(RIGHT(INT(G16/LKS),2))=0,"",INDEX(MA_Num_S2G,RIGHT(INT(G16/LKS),2))&LKW)&IF(VALUE(RIGHT(INT(G16/HZR),2))=0,"",INDEX(MA_Num_S2G,RIGHT(INT(G16/HZR),2))&HZW)&IF(RIGHT(G16,3)="100",STK,IF(VALUE(RIGHT(INT(G16/100),1))=0,"",INDEX(MA_Num_S2G,RIGHT(INT(G16/100),1))&SHE))&IF(INT(RIGHT(G16,2))=0,"",INDEX(MA_Num_S2G,RIGHT(G16,2)))&IF(G16=0,ZRO,"")),"")
B17: =IF(Table15[[#This Row],[वार]]="","",ROW(11:11)) | C17: =IF(Table15[[#This Row],[दिनांक]]="","",TEXT(Table15[[#This Row],[दिनांक]],"ddd")) | H17: =IFERROR(IF(LEN(G17)>11,LMT,IF(VALUE(RIGHT(INT(G17/ABJ),2))=0,"",INDEX(MA_Num_S2G,RIGHT(INT(G17/ABJ),2)) &ABW)&IF(VALUE(RIGHT(INT(G17/KTI),2))=0,"",INDEX(MA_Num_S2G,RIGHT(INT(G17/KTI),2))&KTW)&IF(VALUE(RIGHT(INT(G17/LKS),2))=0,"",INDEX(MA_Num_S2G,RIGHT(INT(G17/LKS),2))&LKW)&IF(VALUE(RIGHT(INT(G17/HZR),2))=0,"",INDEX(MA_Num_S2G,RIGHT(INT(G17/HZR),2))&HZW)&IF(RIGHT(G17,3)="100",STK,IF(VALUE(RIGHT(INT(G17/100),1))=0,"",INDEX(MA_Num_S2G,RIGHT(INT(G17/100),1))&SHE))&IF(INT(RIGHT(G17,2))=0,"",INDEX(MA_Num_S2G,RIGHT(G17,2)))&IF(G17=0,ZRO,"")),"")
B18: =IF(Table15[[#This Row],[वार]]="","",ROW(12:12)) | C18: =IF(Table15[[#This Row],[दिनांक]]="","",TEXT(Table15[[#This Row],[दिनांक]],"ddd")) | H18: =IFERROR(IF(LEN(G18)>11,LMT,IF(VALUE(RIGHT(INT(G18/ABJ),2))=0,"",INDEX(MA_Num_S2G,RIGHT(INT(G18/ABJ),2)) &ABW)&IF(VALUE(RIGHT(INT(G18/KTI),2))=0,"",INDEX(MA_Num_S2G,RIGHT(INT(G18/KTI),2))&KTW)&IF(VALUE(RIGHT(INT(G18/LKS),2))=0,"",INDEX(MA_Num_S2G,RIGHT(INT(G18/LKS),2))&LKW)&IF(VALUE(RIGHT(INT(G18/HZR),2))=0,"",INDEX(MA_Num_S2G,RIGHT(INT(G18/HZR),2))&HZW)&IF(RIGHT(G18,3)="100",STK,IF(VALUE(RIGHT(INT(G18/100),1))=0,"",INDEX(MA_Num_S2G,RIGHT(INT(G18/100),1))&SHE))&IF(INT(RIGHT(G18,2))=0,"",INDEX(MA_Num_S2G,RIGHT(G18,2)))&IF(G18=0,ZRO,"")),"")
B19: =IF(Table15[[#This Row],[वार]]="","",ROW(13:13)) | C19: =IF(Table15[[#This Row],[दिनांक]]="","",TEXT(Table15[[#This Row],[दिनांक]],"ddd")) | H19: =IFERROR(IF(LEN(G19)>11,LMT,IF(VALUE(RIGHT(INT(G19/ABJ),2))=0,"",INDEX(MA_Num_S2G,RIGHT(INT(G19/ABJ),2)) &ABW)&IF(VALUE(RIGHT(INT(G19/KTI),2))=0,"",INDEX(MA_Num_S2G,RIGHT(INT(G19/KTI),2))&KTW)&IF(VALUE(RIGHT(INT(G19/LKS),2))=0,"",INDEX(MA_Num_S2G,RIGHT(INT(G19/LKS),2))&LKW)&IF(VALUE(RIGHT(INT(G19/HZR),2))=0,"",INDEX(MA_Num_S2G,RIGHT(INT(G19/HZR),2))&HZW)&IF(RIGHT(G19,3)="100",STK,IF(VALUE(RIGHT(INT(G19/100),1))=0,"",INDEX(MA_Num_S2G,RIGHT(INT(G19/100),1))&SHE))&IF(INT(RIGHT(G19,2))=0,"",INDEX(MA_Num_S2G,RIGHT(G19,2)))&IF(G19=0,ZRO,"")),"")
B20: =IF(Table15[[#This Row],[वार]]="","",ROW(14:14)) | C20: =IF(Table15[[#This Row],[दिनांक]]="","",TEXT(Table15[[#This Row],[दिनांक]],"ddd")) | H20: =IFERROR(IF(LEN(G20)>11,LMT,IF(VALUE(RIGHT(INT(G20/ABJ),2))=0,"",INDEX(MA_Num_S2G,RIGHT(INT(G20/ABJ),2)) &ABW)&IF(VALUE(RIGHT(INT(G20/KTI),2))=0,"",INDEX(MA_Num_S2G,RIGHT(INT(G20/KTI),2))&KTW)&IF(VALUE(RIGHT(INT(G20/LKS),2))=0,"",INDEX(MA_Num_S2G,RIGHT(INT(G20/LKS),2))&LKW)&IF(VALUE(RIGHT(INT(G20/HZR),2))=0,"",INDEX(MA_Num_S2G,RIGHT(INT(G20/HZR),2))&HZW)&IF(RIGHT(G20,3)="100",STK,IF(VALUE(RIGHT(INT(G20/100),1))=0,"",INDEX(MA_Num_S2G,RIGHT(INT(G20/100),1))&SHE))&IF(INT(RIGHT(G20,2))=0,"",INDEX(MA_Num_S2G,RIGHT(G20,2)))&IF(G20=0,ZRO,"")),"")
B21: =IF(Table15[[#This Row],[वार]]="","",ROW(15:15)) | C21: =IF(Table15[[#This Row],[दिनांक]]="","",TEXT(Table15[[#This Row],[दिनांक]],"ddd")) | H21: =IFERROR(IF(LEN(G21)>11,LMT,IF(VALUE(RIGHT(INT(G21/ABJ),2))=0,"",INDEX(MA_Num_S2G,RIGHT(INT(G21/ABJ),2)) &ABW)&IF(VALUE(RIGHT(INT(G21/KTI),2))=0,"",INDEX(MA_Num_S2G,RIGHT(INT(G21/KTI),2))&KTW)&IF(VALUE(RIGHT(INT(G21/LKS),2))=0,"",INDEX(MA_Num_S2G,RIGHT(INT(G21/LKS),2))&LKW)&IF(VALUE(RIGHT(INT(G21/HZR),2))=0,"",INDEX(MA_Num_S2G,RIGHT(INT(G21/HZR),2))&HZW)&IF(RIGHT(G21,3)="100",STK,IF(VALUE(RIGHT(INT(G21/100),1))=0,"",INDEX(MA_Num_S2G,RIGHT(INT(G21/100),1))&SHE))&IF(INT(RIGHT(G21,2))=0,"",INDEX(MA_Num_S2G,RIGHT(G21,2)))&IF(G21=0,ZRO,"")),"")
B22: =IF(Table15[[#This Row],[वार]]="","",ROW(16:16)) | C22: =IF(Table15[[#This Row],[दिनांक]]="","",TEXT(Table15[[#This Row],[दिनांक]],"ddd")) | H22: =IFERROR(IF(LEN(G22)>11,LMT,IF(VALUE(RIGHT(INT(G22/ABJ),2))=0,"",INDEX(MA_Num_S2G,RIGHT(INT(G22/ABJ),2)) &ABW)&IF(VALUE(RIGHT(INT(G22/KTI),2))=0,"",INDEX(MA_Num_S2G,RIGHT(INT(G22/KTI),2))&KTW)&IF(VALUE(RIGHT(INT(G22/LKS),2))=0,"",INDEX(MA_Num_S2G,RIGHT(INT(G22/LKS),2))&LKW)&IF(VALUE(RIGHT(INT(G22/HZR),2))=0,"",INDEX(MA_Num_S2G,RIGHT(INT(G22/HZR),2))&HZW)&IF(RIGHT(G22,3)="100",STK,IF(VALUE(RIGHT(INT(G22/100),1))=0,"",INDEX(MA_Num_S2G,RIGHT(INT(G22/100),1))&SHE))&IF(INT(RIGHT(G22,2))=0,"",INDEX(MA_Num_S2G,RIGHT(G22,2)))&IF(G22=0,ZRO,"")),"")
B23: =IF(Table15[[#This Row],[वार]]="","",ROW(17:17)) | C23: =IF(Table15[[#This Row],[दिनांक]]="","",TEXT(Table15[[#This Row],[दिनांक]],"ddd")) | H23: =IFERROR(IF(LEN(G23)>11,LMT,IF(VALUE(RIGHT(INT(G23/ABJ),2))=0,"",INDEX(MA_Num_S2G,RIGHT(INT(G23/ABJ),2)) &ABW)&IF(VALUE(RIGHT(INT(G23/KTI),2))=0,"",INDEX(MA_Num_S2G,RIGHT(INT(G23/KTI),2))&KTW)&IF(VALUE(RIGHT(INT(G23/LKS),2))=0,"",INDEX(MA_Num_S2G,RIGHT(INT(G23/LKS),2))&LKW)&IF(VALUE(RIGHT(INT(G23/HZR),2))=0,"",INDEX(MA_Num_S2G,RIGHT(INT(G23/HZR),2))&HZW)&IF(RIGHT(G23,3)="100",STK,IF(VALUE(RIGHT(INT(G23/100),1))=0,"",INDEX(MA_Num_S2G,RIGHT(INT(G23/100),1))&SHE))&IF(INT(RIGHT(G23,2))=0,"",INDEX(MA_Num_S2G,RIGHT(G23,2)))&IF(G23=0,ZRO,"")),"")
B24: =IF(Table15[[#This Row],[वार]]="","",ROW(18:18)) | C24: =IF(Table15[[#This Row],[दिनांक]]="","",TEXT(Table15[[#This Row],[दिनांक]],"ddd")) | H24: =IFERROR(IF(LEN(G24)>11,LMT,IF(VALUE(RIGHT(INT(G24/ABJ),2))=0,"",INDEX(MA_Num_S2G,RIGHT(INT(G24/ABJ),2)) &ABW)&IF(VALUE(RIGHT(INT(G24/KTI),2))=0,"",INDEX(MA_Num_S2G,RIGHT(INT(G24/KTI),2))&KTW)&IF(VALUE(RIGHT(INT(G24/LKS),2))=0,"",INDEX(MA_Num_S2G,RIGHT(INT(G24/LKS),2))&LKW)&IF(VALUE(RIGHT(INT(G24/HZR),2))=0,"",INDEX(MA_Num_S2G,RIGHT(INT(G24/HZR),2))&HZW)&IF(RIGHT(G24,3)="100",STK,IF(VALUE(RIGHT(INT(G24/100),1))=0,"",INDEX(MA_Num_S2G,RIGHT(INT(G24/100),1))&SHE))&IF(INT(RIGHT(G24,2))=0,"",INDEX(MA_Num_S2G,RIGHT(G24,2)))&IF(G24=0,ZRO,"")),"")
B25: =IF(Table15[[#This Row],[वार]]="","",ROW(19:19)) | C25: =IF(Table15[[#This Row],[दिनांक]]="","",TEXT(Table15[[#This Row],[दिनांक]],"ddd")) | H25: =IFERROR(IF(LEN(G25)>11,LMT,IF(VALUE(RIGHT(INT(G25/ABJ),2))=0,"",INDEX(MA_Num_S2G,RIGHT(INT(G25/ABJ),2)) &ABW)&IF(VALUE(RIGHT(INT(G25/KTI),2))=0,"",INDEX(MA_Num_S2G,RIGHT(INT(G25/KTI),2))&KTW)&IF(VALUE(RIGHT(INT(G25/LKS),2))=0,"",INDEX(MA_Num_S2G,RIGHT(INT(G25/LKS),2))&LKW)&IF(VALUE(RIGHT(INT(G25/HZR),2))=0,"",INDEX(MA_Num_S2G,RIGHT(INT(G25/HZR),2))&HZW)&IF(RIGHT(G25,3)="100",STK,IF(VALUE(RIGHT(INT(G25/100),1))=0,"",INDEX(MA_Num_S2G,RIGHT(INT(G25/100),1))&SHE))&IF(INT(RIGHT(G25,2))=0,"",INDEX(MA_Num_S2G,RIGHT(G25,2)))&IF(G25=0,ZRO,"")),"")
B26: =IF(Table15[[#This Row],[वार]]="","",ROW(20:20)) | C26: =IF(Table15[[#This Row],[दिनांक]]="","",TEXT(Table15[[#This Row],[दिनांक]],"ddd")) | H26: =IFERROR(IF(LEN(G26)>11,LMT,IF(VALUE(RIGHT(INT(G26/ABJ),2))=0,"",INDEX(MA_Num_S2G,RIGHT(INT(G26/ABJ),2)) &ABW)&IF(VALUE(RIGHT(INT(G26/KTI),2))=0,"",INDEX(MA_Num_S2G,RIGHT(INT(G26/KTI),2))&KTW)&IF(VALUE(RIGHT(INT(G26/LKS),2))=0,"",INDEX(MA_Num_S2G,RIGHT(INT(G26/LKS),2))&LKW)&IF(VALUE(RIGHT(INT(G26/HZR),2))=0,"",INDEX(MA_Num_S2G,RIGHT(INT(G26/HZR),2))&HZW)&IF(RIGHT(G26,3)="100",STK,IF(VALUE(RIGHT(INT(G26/100),1))=0,"",INDEX(MA_Num_S2G,RIGHT(INT(G26/100),1))&SHE))&IF(INT(RIGHT(G26,2))=0,"",INDEX(MA_Num_S2G,RIGHT(G26,2)))&IF(G26=0,ZRO,"")),"")
B27: =IF(Table15[[#This Row],[वार]]="","",ROW(21:21)) | C27: =IF(Table15[[#This Row],[दिनांक]]="","",TEXT(Table15[[#This Row],[दिनांक]],"ddd")) | H27: =IFERROR(IF(LEN(G27)>11,LMT,IF(VALUE(RIGHT(INT(G27/ABJ),2))=0,"",INDEX(MA_Num_S2G,RIGHT(INT(G27/ABJ),2)) &ABW)&IF(VALUE(RIGHT(INT(G27/KTI),2))=0,"",INDEX(MA_Num_S2G,RIGHT(INT(G27/KTI),2))&KTW)&IF(VALUE(RIGHT(INT(G27/LKS),2))=0,"",INDEX(MA_Num_S2G,RIGHT(INT(G27/LKS),2))&LKW)&IF(VALUE(RIGHT(INT(G27/HZR),2))=0,"",INDEX(MA_Num_S2G,RIGHT(INT(G27/HZR),2))&HZW)&IF(RIGHT(G27,3)="100",STK,IF(VALUE(RIGHT(INT(G27/100),1))=0,"",INDEX(MA_Num_S2G,RIGHT(INT(G27/100),1))&SHE))&IF(INT(RIGHT(G27,2))=0,"",INDEX(MA_Num_S2G,RIGHT(G27,2)))&IF(G27=0,ZRO,"")),"")
B28: =IF(Table15[[#This Row],[वार]]="","",ROW(22:22)) | C28: =IF(Table15[[#This Row],[दिनांक]]="","",TEXT(Table15[[#This Row],[दिनांक]],"ddd")) | H28: =IFERROR(IF(LEN(G28)>11,LMT,IF(VALUE(RIGHT(INT(G28/ABJ),2))=0,"",INDEX(MA_Num_S2G,RIGHT(INT(G28/ABJ),2)) &ABW)&IF(VALUE(RIGHT(INT(G28/KTI),2))=0,"",INDEX(MA_Num_S2G,RIGHT(INT(G28/KTI),2))&KTW)&IF(VALUE(RIGHT(INT(G28/LKS),2))=0,"",INDEX(MA_Num_S2G,RIGHT(INT(G28/LKS),2))&LKW)&IF(VALUE(RIGHT(INT(G28/HZR),2))=0,"",INDEX(MA_Num_S2G,RIGHT(INT(G28/HZR),2))&HZW)&IF(RIGHT(G28,3)="100",STK,IF(VALUE(RIGHT(INT(G28/100),1))=0,"",INDEX(MA_Num_S2G,RIGHT(INT(G28/100),1))&SHE))&IF(INT(RIGHT(G28,2))=0,"",INDEX(MA_Num_S2G,RIGHT(G28,2)))&IF(G28=0,ZRO,"")),"")
B29: =IF(Table15[[#This Row],[वार]]="","",ROW(23:23)) | C29: =IF(Table15[[#This Row],[दिनांक]]="","",TEXT(Table15[[#This Row],[दिनांक]],"ddd")) | H29: =IFERROR(IF(LEN(G29)>11,LMT,IF(VALUE(RIGHT(INT(G29/ABJ),2))=0,"",INDEX(MA_Num_S2G,RIGHT(INT(G29/ABJ),2)) &ABW)&IF(VALUE(RIGHT(INT(G29/KTI),2))=0,"",INDEX(MA_Num_S2G,RIGHT(INT(G29/KTI),2))&KTW)&IF(VALUE(RIGHT(INT(G29/LKS),2))=0,"",INDEX(MA_Num_S2G,RIGHT(INT(G29/LKS),2))&LKW)&IF(VALUE(RIGHT(INT(G29/HZR),2))=0,"",INDEX(MA_Num_S2G,RIGHT(INT(G29/HZR),2))&HZW)&IF(RIGHT(G29,3)="100",STK,IF(VALUE(RIGHT(INT(G29/100),1))=0,"",INDEX(MA_Num_S2G,RIGHT(INT(G29/100),1))&SHE))&IF(INT(RIGHT(G29,2))=0,"",INDEX(MA_Num_S2G,RIGHT(G29,2)))&IF(G29=0,ZRO,"")),"")
B30: =IF(Table15[[#This Row],[वार]]="","",ROW(24:24)) | C30: =IF(Table15[[#This Row],[दिनांक]]="","",TEXT(Table15[[#This Row],[दिनांक]],"ddd")) | H30: =IFERROR(IF(LEN(G30)>11,LMT,IF(VALUE(RIGHT(INT(G30/ABJ),2))=0,"",INDEX(MA_Num_S2G,RIGHT(INT(G30/ABJ),2)) &ABW)&IF(VALUE(RIGHT(INT(G30/KTI),2))=0,"",INDEX(MA_Num_S2G,RIGHT(INT(G30/KTI),2))&KTW)&IF(VALUE(RIGHT(INT(G30/LKS),2))=0,"",INDEX(MA_Num_S2G,RIGHT(INT(G30/LKS),2))&LKW)&IF(VALUE(RIGHT(INT(G30/HZR),2))=0,"",INDEX(MA_Num_S2G,RIGHT(INT(G30/HZR),2))&HZW)&IF(RIGHT(G30,3)="100",STK,IF(VALUE(RIGHT(INT(G30/100),1))=0,"",INDEX(MA_Num_S2G,RIGHT(INT(G30/100),1))&SHE))&IF(INT(RIGHT(G30,2))=0,"",INDEX(MA_Num_S2G,RIGHT(G30,2)))&IF(G30=0,ZRO,"")),"")
B31: =IF(Table15[[#This Row],[वार]]="","",ROW(25:25)) | C31: =IF(Table15[[#This Row],[दिनांक]]="","",TEXT(Table15[[#This Row],[दिनांक]],"ddd")) | H31: =IFERROR(IF(LEN(G31)>11,LMT,IF(VALUE(RIGHT(INT(G31/ABJ),2))=0,"",INDEX(MA_Num_S2G,RIGHT(INT(G31/ABJ),2)) &ABW)&IF(VALUE(RIGHT(INT(G31/KTI),2))=0,"",INDEX(MA_Num_S2G,RIGHT(INT(G31/KTI),2))&KTW)&IF(VALUE(RIGHT(INT(G31/LKS),2))=0,"",INDEX(MA_Num_S2G,RIGHT(INT(G31/LKS),2))&LKW)&IF(VALUE(RIGHT(INT(G31/HZR),2))=0,"",INDEX(MA_Num_S2G,RIGHT(INT(G31/HZR),2))&HZW)&IF(RIGHT(G31,3)="100",STK,IF(VALUE(RIGHT(INT(G31/100),1))=0,"",INDEX(MA_Num_S2G,RIGHT(INT(G31/100),1))&SHE))&IF(INT(RIGHT(G31,2))=0,"",INDEX(MA_Num_S2G,RIGHT(G31,2)))&IF(G31=0,ZRO,"")),"")
B32: =IF(Table15[[#This Row],[वार]]="","",ROW(26:26)) | C32: =IF(Table15[[#This Row],[दिनांक]]="","",TEXT(Table15[[#This Row],[दिनांक]],"ddd")) | H32: =IFERROR(IF(LEN(G32)>11,LMT,IF(VALUE(RIGHT(INT(G32/ABJ),2))=0,"",INDEX(MA_Num_S2G,RIGHT(INT(G32/ABJ),2)) &ABW)&IF(VALUE(RIGHT(INT(G32/KTI),2))=0,"",INDEX(MA_Num_S2G,RIGHT(INT(G32/KTI),2))&KTW)&IF(VALUE(RIGHT(INT(G32/LKS),2))=0,"",INDEX(MA_Num_S2G,RIGHT(INT(G32/LKS),2))&LKW)&IF(VALUE(RIGHT(INT(G32/HZR),2))=0,"",INDEX(MA_Num_S2G,RIGHT(INT(G32/HZR),2))&HZW)&IF(RIGHT(G32,3)="100",STK,IF(VALUE(RIGHT(INT(G32/100),1))=0,"",INDEX(MA_Num_S2G,RIGHT(INT(G32/100),1))&SHE))&IF(INT(RIGHT(G32,2))=0,"",INDEX(MA_Num_S2G,RIGHT(G32,2)))&IF(G32=0,ZRO,"")),"")
B33: =IF(Table15[[#This Row],[वार]]="","",ROW(27:27)) | C33: =IF(Table15[[#This Row],[दिनांक]]="","",TEXT(Table15[[#This Row],[दिनांक]],"ddd")) | H33: =IFERROR(IF(LEN(G33)>11,LMT,IF(VALUE(RIGHT(INT(G33/ABJ),2))=0,"",INDEX(MA_Num_S2G,RIGHT(INT(G33/ABJ),2)) &ABW)&IF(VALUE(RIGHT(INT(G33/KTI),2))=0,"",INDEX(MA_Num_S2G,RIGHT(INT(G33/KTI),2))&KTW)&IF(VALUE(RIGHT(INT(G33/LKS),2))=0,"",INDEX(MA_Num_S2G,RIGHT(INT(G33/LKS),2))&LKW)&IF(VALUE(RIGHT(INT(G33/HZR),2))=0,"",INDEX(MA_Num_S2G,RIGHT(INT(G33/HZR),2))&HZW)&IF(RIGHT(G33,3)="100",STK,IF(VALUE(RIGHT(INT(G33/100),1))=0,"",INDEX(MA_Num_S2G,RIGHT(INT(G33/100),1))&SHE))&IF(INT(RIGHT(G33,2))=0,"",INDEX(MA_Num_S2G,RIGHT(G33,2)))&IF(G33=0,ZRO,"")),"")
B34: =IF(Table15[[#This Row],[वार]]="","",ROW(28:28)) | C34: =IF(Table15[[#This Row],[दिनांक]]="","",TEXT(Table15[[#This Row],[दिनांक]],"ddd")) | H34: =IFERROR(IF(LEN(G34)>11,LMT,IF(VALUE(RIGHT(INT(G34/ABJ),2))=0,"",INDEX(MA_Num_S2G,RIGHT(INT(G34/ABJ),2)) &ABW)&IF(VALUE(RIGHT(INT(G34/KTI),2))=0,"",INDEX(MA_Num_S2G,RIGHT(INT(G34/KTI),2))&KTW)&IF(VALUE(RIGHT(INT(G34/LKS),2))=0,"",INDEX(MA_Num_S2G,RIGHT(INT(G34/LKS),2))&LKW)&IF(VALUE(RIGHT(INT(G34/HZR),2))=0,"",INDEX(MA_Num_S2G,RIGHT(INT(G34/HZR),2))&HZW)&IF(RIGHT(G34,3)="100",STK,IF(VALUE(RIGHT(INT(G34/100),1))=0,"",INDEX(MA_Num_S2G,RIGHT(INT(G34/100),1))&SHE))&IF(INT(RIGHT(G34,2))=0,"",INDEX(MA_Num_S2G,RIGHT(G34,2)))&IF(G34=0,ZRO,"")),"")
B35: =IF(Table15[[#This Row],[वार]]="","",ROW(29:29)) | C35: =IF(Table15[[#This Row],[दिनांक]]="","",TEXT(Table15[[#This Row],[दिनांक]],"ddd")) | H35: =IFERROR(IF(LEN(G35)>11,LMT,IF(VALUE(RIGHT(INT(G35/ABJ),2))=0,"",INDEX(MA_Num_S2G,RIGHT(INT(G35/ABJ),2)) &ABW)&IF(VALUE(RIGHT(INT(G35/KTI),2))=0,"",INDEX(MA_Num_S2G,RIGHT(INT(G35/KTI),2))&KTW)&IF(VALUE(RIGHT(INT(G35/LKS),2))=0,"",INDEX(MA_Num_S2G,RIGHT(INT(G35/LKS),2))&LKW)&IF(VALUE(RIGHT(INT(G35/HZR),2))=0,"",INDEX(MA_Num_S2G,RIGHT(INT(G35/HZR),2))&HZW)&IF(RIGHT(G35,3)="100",STK,IF(VALUE(RIGHT(INT(G35/100),1))=0,"",INDEX(MA_Num_S2G,RIGHT(INT(G35/100),1))&SHE))&IF(INT(RIGHT(G35,2))=0,"",INDEX(MA_Num_S2G,RIGHT(G35,2)))&IF(G35=0,ZRO,"")),"")
B36: =IF(Table15[[#This Row],[वार]]="","",ROW(30:30)) | C36: =IF(Table15[[#This Row],[दिनांक]]="","",TEXT(Table15[[#This Row],[दिनांक]],"ddd")) | H36: =IFERROR(IF(LEN(G36)>11,LMT,IF(VALUE(RIGHT(INT(G36/ABJ),2))=0,"",INDEX(MA_Num_S2G,RIGHT(INT(G36/ABJ),2)) &ABW)&IF(VALUE(RIGHT(INT(G36/KTI),2))=0,"",INDEX(MA_Num_S2G,RIGHT(INT(G36/KTI),2))&KTW)&IF(VALUE(RIGHT(INT(G36/LKS),2))=0,"",INDEX(MA_Num_S2G,RIGHT(INT(G36/LKS),2))&LKW)&IF(VALUE(RIGHT(INT(G36/HZR),2))=0,"",INDEX(MA_Num_S2G,RIGHT(INT(G36/HZR),2))&HZW)&IF(RIGHT(G36,3)="100",STK,IF(VALUE(RIGHT(INT(G36/100),1))=0,"",INDEX(MA_Num_S2G,RIGHT(INT(G36/100),1))&SHE))&IF(INT(RIGHT(G36,2))=0,"",INDEX(MA_Num_S2G,RIGHT(G36,2)))&IF(G36=0,ZRO,"")),"")
B37: =IF(Table15[[#This Row],[वार]]="","",ROW(31:31)) | C37: =IF(Table15[[#This Row],[दिनांक]]="","",TEXT(Table15[[#This Row],[दिनांक]],"ddd")) | H37: =IFERROR(IF(LEN(G37)>11,LMT,IF(VALUE(RIGHT(INT(G37/ABJ),2))=0,"",INDEX(MA_Num_S2G,RIGHT(INT(G37/ABJ),2)) &ABW)&IF(VALUE(RIGHT(INT(G37/KTI),2))=0,"",INDEX(MA_Num_S2G,RIGHT(INT(G37/KTI),2))&KTW)&IF(VALUE(RIGHT(INT(G37/LKS),2))=0,"",INDEX(MA_Num_S2G,RIGHT(INT(G37/LKS),2))&LKW)&IF(VALUE(RIGHT(INT(G37/HZR),2))=0,"",INDEX(MA_Num_S2G,RIGHT(INT(G37/HZR),2))&HZW)&IF(RIGHT(G37,3)="100",STK,IF(VALUE(RIGHT(INT(G37/100),1))=0,"",INDEX(MA_Num_S2G,RIGHT(INT(G37/100),1))&SHE))&IF(INT(RIGHT(G37,2))=0,"",INDEX(MA_Num_S2G,RIGHT(G37,2)))&IF(G37=0,ZRO,"")),"")
B38: =IF(Table15[[#This Row],[वार]]="","",ROW(32:32)) | C38: =IF(Table15[[#This Row],[दिनांक]]="","",TEXT(Table15[[#This Row],[दिनांक]],"ddd")) | H38: =IFERROR(IF(LEN(G38)>11,LMT,IF(VALUE(RIGHT(INT(G38/ABJ),2))=0,"",INDEX(MA_Num_S2G,RIGHT(INT(G38/ABJ),2)) &ABW)&IF(VALUE(RIGHT(INT(G38/KTI),2))=0,"",INDEX(MA_Num_S2G,RIGHT(INT(G38/KTI),2))&KTW)&IF(VALUE(RIGHT(INT(G38/LKS),2))=0,"",INDEX(MA_Num_S2G,RIGHT(INT(G38/LKS),2))&LKW)&IF(VALUE(RIGHT(INT(G38/HZR),2))=0,"",INDEX(MA_Num_S2G,RIGHT(INT(G38/HZR),2))&HZW)&IF(RIGHT(G38,3)="100",STK,IF(VALUE(RIGHT(INT(G38/100),1))=0,"",INDEX(MA_Num_S2G,RIGHT(INT(G38/100),1))&SHE))&IF(INT(RIGHT(G38,2))=0,"",INDEX(MA_Num_S2G,RIGHT(G38,2)))&IF(G38=0,ZRO,"")),"")
B39: =IF(Table15[[#This Row],[वार]]="","",ROW(33:33)) | C39: =IF(Table15[[#This Row],[दिनांक]]="","",TEXT(Table15[[#This Row],[दिनांक]],"ddd")) | H39: =IFERROR(IF(LEN(G39)>11,LMT,IF(VALUE(RIGHT(INT(G39/ABJ),2))=0,"",INDEX(MA_Num_S2G,RIGHT(INT(G39/ABJ),2)) &ABW)&IF(VALUE(RIGHT(INT(G39/KTI),2))=0,"",INDEX(MA_Num_S2G,RIGHT(INT(G39/KTI),2))&KTW)&IF(VALUE(RIGHT(INT(G39/LKS),2))=0,"",INDEX(MA_Num_S2G,RIGHT(INT(G39/LKS),2))&LKW)&IF(VALUE(RIGHT(INT(G39/HZR),2))=0,"",INDEX(MA_Num_S2G,RIGHT(INT(G39/HZR),2))&HZW)&IF(RIGHT(G39,3)="100",STK,IF(VALUE(RIGHT(INT(G39/100),1))=0,"",INDEX(MA_Num_S2G,RIGHT(INT(G39/100),1))&SHE))&IF(INT(RIGHT(G39,2))=0,"",INDEX(MA_Num_S2G,RIGHT(G39,2)))&IF(G39=0,ZRO,"")),"")
B40: =IF(Table15[[#This Row],[वार]]="","",ROW(34:34)) | C40: =IF(Table15[[#This Row],[दिनांक]]="","",TEXT(Table15[[#This Row],[दिनांक]],"ddd")) | H40: =IFERROR(IF(LEN(G40)>11,LMT,IF(VALUE(RIGHT(INT(G40/ABJ),2))=0,"",INDEX(MA_Num_S2G,RIGHT(INT(G40/ABJ),2)) &ABW)&IF(VALUE(RIGHT(INT(G40/KTI),2))=0,"",INDEX(MA_Num_S2G,RIGHT(INT(G40/KTI),2))&KTW)&IF(VALUE(RIGHT(INT(G40/LKS),2))=0,"",INDEX(MA_Num_S2G,RIGHT(INT(G40/LKS),2))&LKW)&IF(VALUE(RIGHT(INT(G40/HZR),2))=0,"",INDEX(MA_Num_S2G,RIGHT(INT(G40/HZR),2))&HZW)&IF(RIGHT(G40,3)="100",STK,IF(VALUE(RIGHT(INT(G40/100),1))=0,"",INDEX(MA_Num_S2G,RIGHT(INT(G40/100),1))&SHE))&IF(INT(RIGHT(G40,2))=0,"",INDEX(MA_Num_S2G,RIGHT(G40,2)))&IF(G40=0,ZRO,"")),"")
B41: =IF(Table15[[#This Row],[वार]]="","",ROW(35:35)) | C41: =IF(Table15[[#This Row],[दिनांक]]="","",TEXT(Table15[[#This Row],[दिनांक]],"ddd")) | H41: =IFERROR(IF(LEN(G41)>11,LMT,IF(VALUE(RIGHT(INT(G41/ABJ),2))=0,"",INDEX(MA_Num_S2G,RIGHT(INT(G41/ABJ),2)) &ABW)&IF(VALUE(RIGHT(INT(G41/KTI),2))=0,"",INDEX(MA_Num_S2G,RIGHT(INT(G41/KTI),2))&KTW)&IF(VALUE(RIGHT(INT(G41/LKS),2))=0,"",INDEX(MA_Num_S2G,RIGHT(INT(G41/LKS),2))&LKW)&IF(VALUE(RIGHT(INT(G41/HZR),2))=0,"",INDEX(MA_Num_S2G,RIGHT(INT(G41/HZR),2))&HZW)&IF(RIGHT(G41,3)="100",STK,IF(VALUE(RIGHT(INT(G41/100),1))=0,"",INDEX(MA_Num_S2G,RIGHT(INT(G41/100),1))&SHE))&IF(INT(RIGHT(G41,2))=0,"",INDEX(MA_Num_S2G,RIGHT(G41,2)))&IF(G41=0,ZRO,"")),"")
B42: =IF(Table15[[#This Row],[वार]]="","",ROW(36:36)) | C42: =IF(Table15[[#This Row],[दिनांक]]="","",TEXT(Table15[[#This Row],[दिनांक]],"ddd")) | H42: =IFERROR(IF(LEN(G42)>11,LMT,IF(VALUE(RIGHT(INT(G42/ABJ),2))=0,"",INDEX(MA_Num_S2G,RIGHT(INT(G42/ABJ),2)) &ABW)&IF(VALUE(RIGHT(INT(G42/KTI),2))=0,"",INDEX(MA_Num_S2G,RIGHT(INT(G42/KTI),2))&KTW)&IF(VALUE(RIGHT(INT(G42/LKS),2))=0,"",INDEX(MA_Num_S2G,RIGHT(INT(G42/LKS),2))&LKW)&IF(VALUE(RIGHT(INT(G42/HZR),2))=0,"",INDEX(MA_Num_S2G,RIGHT(INT(G42/HZR),2))&HZW)&IF(RIGHT(G42,3)="100",STK,IF(VALUE(RIGHT(INT(G42/100),1))=0,"",INDEX(MA_Num_S2G,RIGHT(INT(G42/100),1))&SHE))&IF(INT(RIGHT(G42,2))=0,"",INDEX(MA_Num_S2G,RIGHT(G42,2)))&IF(G42=0,ZRO,"")),"")
B43: =IF(Table15[[#This Row],[वार]]="","",ROW(37:37)) | C43: =IF(Table15[[#This Row],[दिनांक]]="","",TEXT(Table15[[#This Row],[दिनांक]],"ddd")) | H43: =IFERROR(IF(LEN(G43)>11,LMT,IF(VALUE(RIGHT(INT(G43/ABJ),2))=0,"",INDEX(MA_Num_S2G,RIGHT(INT(G43/ABJ),2)) &ABW)&IF(VALUE(RIGHT(INT(G43/KTI),2))=0,"",INDEX(MA_Num_S2G,RIGHT(INT(G43/KTI),2))&KTW)&IF(VALUE(RIGHT(INT(G43/LKS),2))=0,"",INDEX(MA_Num_S2G,RIGHT(INT(G43/LKS),2))&LKW)&IF(VALUE(RIGHT(INT(G43/HZR),2))=0,"",INDEX(MA_Num_S2G,RIGHT(INT(G43/HZR),2))&HZW)&IF(RIGHT(G43,3)="100",STK,IF(VALUE(RIGHT(INT(G43/100),1))=0,"",INDEX(MA_Num_S2G,RIGHT(INT(G43/100),1))&SHE))&IF(INT(RIGHT(G43,2))=0,"",INDEX(MA_Num_S2G,RIGHT(G43,2)))&IF(G43=0,ZRO,"")),"")
B44: =IF(Table15[[#This Row],[वार]]="","",ROW(38:38)) | C44: =IF(Table15[[#This Row],[दिनांक]]="","",TEXT(Table15[[#This Row],[दिनांक]],"ddd")) | H44: =IFERROR(IF(LEN(G44)>11,LMT,IF(VALUE(RIGHT(INT(G44/ABJ),2))=0,"",INDEX(MA_Num_S2G,RIGHT(INT(G44/ABJ),2)) &ABW)&IF(VALUE(RIGHT(INT(G44/KTI),2))=0,"",INDEX(MA_Num_S2G,RIGHT(INT(G44/KTI),2))&KTW)&IF(VALUE(RIGHT(INT(G44/LKS),2))=0,"",INDEX(MA_Num_S2G,RIGHT(INT(G44/LKS),2))&LKW)&IF(VALUE(RIGHT(INT(G44/HZR),2))=0,"",INDEX(MA_Num_S2G,RIGHT(INT(G44/HZR),2))&HZW)&IF(RIGHT(G44,3)="100",STK,IF(VALUE(RIGHT(INT(G44/100),1))=0,"",INDEX(MA_Num_S2G,RIGHT(INT(G44/100),1))&SHE))&IF(INT(RIGHT(G44,2))=0,"",INDEX(MA_Num_S2G,RIGHT(G44,2)))&IF(G44=0,ZRO,"")),"")
B45: =IF(Table15[[#This Row],[वार]]="","",ROW(39:39)) | C45: =IF(Table15[[#This Row],[दिनांक]]="","",TEXT(Table15[[#This Row],[दिनांक]],"ddd")) | H45: =IFERROR(IF(LEN(G45)>11,LMT,IF(VALUE(RIGHT(INT(G45/ABJ),2))=0,"",INDEX(MA_Num_S2G,RIGHT(INT(G45/ABJ),2)) &ABW)&IF(VALUE(RIGHT(INT(G45/KTI),2))=0,"",INDEX(MA_Num_S2G,RIGHT(INT(G45/KTI),2))&KTW)&IF(VALUE(RIGHT(INT(G45/LKS),2))=0,"",INDEX(MA_Num_S2G,RIGHT(INT(G45/LKS),2))&LKW)&IF(VALUE(RIGHT(INT(G45/HZR),2))=0,"",INDEX(MA_Num_S2G,RIGHT(INT(G45/HZR),2))&HZW)&IF(RIGHT(G45,3)="100",STK,IF(VALUE(RIGHT(INT(G45/100),1))=0,"",INDEX(MA_Num_S2G,RIGHT(INT(G45/100),1))&SHE))&IF(INT(RIGHT(G45,2))=0,"",INDEX(MA_Num_S2G,RIGHT(G45,2)))&IF(G45=0,ZRO,"")),"")
B46: =IF(Table15[[#This Row],[वार]]="","",ROW(40:40)) | C46: =IF(Table15[[#This Row],[दिनांक]]="","",TEXT(Table15[[#This Row],[दिनांक]],"ddd")) | H46: =IFERROR(IF(LEN(G46)>11,LMT,IF(VALUE(RIGHT(INT(G46/ABJ),2))=0,"",INDEX(MA_Num_S2G,RIGHT(INT(G46/ABJ),2)) &ABW)&IF(VALUE(RIGHT(INT(G46/KTI),2))=0,"",INDEX(MA_Num_S2G,RIGHT(INT(G46/KTI),2))&KTW)&IF(VALUE(RIGHT(INT(G46/LKS),2))=0,"",INDEX(MA_Num_S2G,RIGHT(INT(G46/LKS),2))&LKW)&IF(VALUE(RIGHT(INT(G46/HZR),2))=0,"",INDEX(MA_Num_S2G,RIGHT(INT(G46/HZR),2))&HZW)&IF(RIGHT(G46,3)="100",STK,IF(VALUE(RIGHT(INT(G46/100),1))=0,"",INDEX(MA_Num_S2G,RIGHT(INT(G46/100),1))&SHE))&IF(INT(RIGHT(G46,2))=0,"",INDEX(MA_Num_S2G,RIGHT(G46,2)))&IF(G46=0,ZRO,"")),"")
B47: =IF(Table15[[#This Row],[वार]]="","",ROW(41:41)) | C47: =IF(Table15[[#This Row],[दिनांक]]="","",TEXT(Table15[[#This Row],[दिनांक]],"ddd")) | H47: =IFERROR(IF(LEN(G47)>11,LMT,IF(VALUE(RIGHT(INT(G47/ABJ),2))=0,"",INDEX(MA_Num_S2G,RIGHT(INT(G47/ABJ),2)) &ABW)&IF(VALUE(RIGHT(INT(G47/KTI),2))=0,"",INDEX(MA_Num_S2G,RIGHT(INT(G47/KTI),2))&KTW)&IF(VALUE(RIGHT(INT(G47/LKS),2))=0,"",INDEX(MA_Num_S2G,RIGHT(INT(G47/LKS),2))&LKW)&IF(VALUE(RIGHT(INT(G47/HZR),2))=0,"",INDEX(MA_Num_S2G,RIGHT(INT(G47/HZR),2))&HZW)&IF(RIGHT(G47,3)="100",STK,IF(VALUE(RIGHT(INT(G47/100),1))=0,"",INDEX(MA_Num_S2G,RIGHT(INT(G47/100),1))&SHE))&IF(INT(RIGHT(G47,2))=0,"",INDEX(MA_Num_S2G,RIGHT(G47,2)))&IF(G47=0,ZRO,"")),"")
B48: =IF(Table15[[#This Row],[वार]]="","",ROW(42:42)) | C48: =IF(Table15[[#This Row],[दिनांक]]="","",TEXT(Table15[[#This Row],[दिनांक]],"ddd")) | H48: =IFERROR(IF(LEN(G48)>11,LMT,IF(VALUE(RIGHT(INT(G48/ABJ),2))=0,"",INDEX(MA_Num_S2G,RIGHT(INT(G48/ABJ),2)) &ABW)&IF(VALUE(RIGHT(INT(G48/KTI),2))=0,"",INDEX(MA_Num_S2G,RIGHT(INT(G48/KTI),2))&KTW)&IF(VALUE(RIGHT(INT(G48/LKS),2))=0,"",INDEX(MA_Num_S2G,RIGHT(INT(G48/LKS),2))&LKW)&IF(VALUE(RIGHT(INT(G48/HZR),2))=0,"",INDEX(MA_Num_S2G,RIGHT(INT(G48/HZR),2))&HZW)&IF(RIGHT(G48,3)="100",STK,IF(VALUE(RIGHT(INT(G48/100),1))=0,"",INDEX(MA_Num_S2G,RIGHT(INT(G48/100),1))&SHE))&IF(INT(RIGHT(G48,2))=0,"",INDEX(MA_Num_S2G,RIGHT(G48,2)))&IF(G48=0,ZRO,"")),"")
B49: =IF(Table15[[#This Row],[वार]]="","",ROW(43:43)) | C49: =IF(Table15[[#This Row],[दिनांक]]="","",TEXT(Table15[[#This Row],[दिनांक]],"ddd")) | H49: =IFERROR(IF(LEN(G49)>11,LMT,IF(VALUE(RIGHT(INT(G49/ABJ),2))=0,"",INDEX(MA_Num_S2G,RIGHT(INT(G49/ABJ),2)) &ABW)&IF(VALUE(RIGHT(INT(G49/KTI),2))=0,"",INDEX(MA_Num_S2G,RIGHT(INT(G49/KTI),2))&KTW)&IF(VALUE(RIGHT(INT(G49/LKS),2))=0,"",INDEX(MA_Num_S2G,RIGHT(INT(G49/LKS),2))&LKW)&IF(VALUE(RIGHT(INT(G49/HZR),2))=0,"",INDEX(MA_Num_S2G,RIGHT(INT(G49/HZR),2))&HZW)&IF(RIGHT(G49,3)="100",STK,IF(VALUE(RIGHT(INT(G49/100),1))=0,"",INDEX(MA_Num_S2G,RIGHT(INT(G49/100),1))&SHE))&IF(INT(RIGHT(G49,2))=0,"",INDEX(MA_Num_S2G,RIGHT(G49,2)))&IF(G49=0,ZRO,"")),"")
B50: =IF(Table15[[#This Row],[वार]]="","",ROW(44:44)) | C50: =IF(Table15[[#This Row],[दिनांक]]="","",TEXT(Table15[[#This Row],[दिनांक]],"ddd")) | H50: =IFERROR(IF(LEN(G50)>11,LMT,IF(VALUE(RIGHT(INT(G50/ABJ),2))=0,"",INDEX(MA_Num_S2G,RIGHT(INT(G50/ABJ),2)) &ABW)&IF(VALUE(RIGHT(INT(G50/KTI),2))=0,"",INDEX(MA_Num_S2G,RIGHT(INT(G50/KTI),2))&KTW)&IF(VALUE(RIGHT(INT(G50/LKS),2))=0,"",INDEX(MA_Num_S2G,RIGHT(INT(G50/LKS),2))&LKW)&IF(VALUE(RIGHT(INT(G50/HZR),2))=0,"",INDEX(MA_Num_S2G,RIGHT(INT(G50/HZR),2))&HZW)&IF(RIGHT(G50,3)="100",STK,IF(VALUE(RIGHT(INT(G50/100),1))=0,"",INDEX(MA_Num_S2G,RIGHT(INT(G50/100),1))&SHE))&IF(INT(RIGHT(G50,2))=0,"",INDEX(MA_Num_S2G,RIGHT(G50,2)))&IF(G50=0,ZRO,"")),"")
B51: =IF(Table15[[#This Row],[वार]]="","",ROW(45:45)) | C51: =IF(Table15[[#This Row],[दिनांक]]="","",TEXT(Table15[[#This Row],[दिनांक]],"ddd")) | H51: =IFERROR(IF(LEN(G51)>11,LMT,IF(VALUE(RIGHT(INT(G51/ABJ),2))=0,"",INDEX(MA_Num_S2G,RIGHT(INT(G51/ABJ),2)) &ABW)&IF(VALUE(RIGHT(INT(G51/KTI),2))=0,"",INDEX(MA_Num_S2G,RIGHT(INT(G51/KTI),2))&KTW)&IF(VALUE(RIGHT(INT(G51/LKS),2))=0,"",INDEX(MA_Num_S2G,RIGHT(INT(G51/LKS),2))&LKW)&IF(VALUE(RIGHT(INT(G51/HZR),2))=0,"",INDEX(MA_Num_S2G,RIGHT(INT(G51/HZR),2))&HZW)&IF(RIGHT(G51,3)="100",STK,IF(VALUE(RIGHT(INT(G51/100),1))=0,"",INDEX(MA_Num_S2G,RIGHT(INT(G51/100),1))&SHE))&IF(INT(RIGHT(G51,2))=0,"",INDEX(MA_Num_S2G,RIGHT(G51,2)))&IF(G51=0,ZRO,"")),"")
B52: =IF(Table15[[#This Row],[वार]]="","",ROW(46:46)) | C52: =IF(Table15[[#This Row],[दिनांक]]="","",TEXT(Table15[[#This Row],[दिनांक]],"ddd")) | H52: =IFERROR(IF(LEN(G52)>11,LMT,IF(VALUE(RIGHT(INT(G52/ABJ),2))=0,"",INDEX(MA_Num_S2G,RIGHT(INT(G52/ABJ),2)) &ABW)&IF(VALUE(RIGHT(INT(G52/KTI),2))=0,"",INDEX(MA_Num_S2G,RIGHT(INT(G52/KTI),2))&KTW)&IF(VALUE(RIGHT(INT(G52/LKS),2))=0,"",INDEX(MA_Num_S2G,RIGHT(INT(G52/LKS),2))&LKW)&IF(VALUE(RIGHT(INT(G52/HZR),2))=0,"",INDEX(MA_Num_S2G,RIGHT(INT(G52/HZR),2))&HZW)&IF(RIGHT(G52,3)="100",STK,IF(VALUE(RIGHT(INT(G52/100),1))=0,"",INDEX(MA_Num_S2G,RIGHT(INT(G52/100),1))&SHE))&IF(INT(RIGHT(G52,2))=0,"",INDEX(MA_Num_S2G,RIGHT(G52,2)))&IF(G52=0,ZRO,"")),"")
B53: =IF(Table15[[#This Row],[वार]]="","",ROW(47:47)) | C53: =IF(Table15[[#This Row],[दिनांक]]="","",TEXT(Table15[[#This Row],[दिनांक]],"ddd")) | H53: =IFERROR(IF(LEN(G53)>11,LMT,IF(VALUE(RIGHT(INT(G53/ABJ),2))=0,"",INDEX(MA_Num_S2G,RIGHT(INT(G53/ABJ),2)) &ABW)&IF(VALUE(RIGHT(INT(G53/KTI),2))=0,"",INDEX(MA_Num_S2G,RIGHT(INT(G53/KTI),2))&KTW)&IF(VALUE(RIGHT(INT(G53/LKS),2))=0,"",INDEX(MA_Num_S2G,RIGHT(INT(G53/LKS),2))&LKW)&IF(VALUE(RIGHT(INT(G53/HZR),2))=0,"",INDEX(MA_Num_S2G,RIGHT(INT(G53/HZR),2))&HZW)&IF(RIGHT(G53,3)="100",STK,IF(VALUE(RIGHT(INT(G53/100),1))=0,"",INDEX(MA_Num_S2G,RIGHT(INT(G53/100),1))&SHE))&IF(INT(RIGHT(G53,2))=0,"",INDEX(MA_Num_S2G,RIGHT(G53,2)))&IF(G53=0,ZRO,"")),"")
B54: =IF(Table15[[#This Row],[वार]]="","",ROW(48:48)) | C54: =IF(Table15[[#This Row],[दिनांक]]="","",TEXT(Table15[[#This Row],[दिनांक]],"ddd")) | H54: =IFERROR(IF(LEN(G54)>11,LMT,IF(VALUE(RIGHT(INT(G54/ABJ),2))=0,"",INDEX(MA_Num_S2G,RIGHT(INT(G54/ABJ),2)) &ABW)&IF(VALUE(RIGHT(INT(G54/KTI),2))=0,"",INDEX(MA_Num_S2G,RIGHT(INT(G54/KTI),2))&KTW)&IF(VALUE(RIGHT(INT(G54/LKS),2))=0,"",INDEX(MA_Num_S2G,RIGHT(INT(G54/LKS),2))&LKW)&IF(VALUE(RIGHT(INT(G54/HZR),2))=0,"",INDEX(MA_Num_S2G,RIGHT(INT(G54/HZR),2))&HZW)&IF(RIGHT(G54,3)="100",STK,IF(VALUE(RIGHT(INT(G54/100),1))=0,"",INDEX(MA_Num_S2G,RIGHT(INT(G54/100),1))&SHE))&IF(INT(RIGHT(G54,2))=0,"",INDEX(MA_Num_S2G,RIGHT(G54,2)))&IF(G54=0,ZRO,"")),"")
B55: =IF(Table15[[#This Row],[वार]]="","",ROW(49:49)) | C55: =IF(Table15[[#This Row],[दिनांक]]="","",TEXT(Table15[[#This Row],[दिनांक]],"ddd")) | H55: =IFERROR(IF(LEN(G55)>11,LMT,IF(VALUE(RIGHT(INT(G55/ABJ),2))=0,"",INDEX(MA_Num_S2G,RIGHT(INT(G55/ABJ),2)) &ABW)&IF(VALUE(RIGHT(INT(G55/KTI),2))=0,"",INDEX(MA_Num_S2G,RIGHT(INT(G55/KTI),2))&KTW)&IF(VALUE(RIGHT(INT(G55/LKS),2))=0,"",INDEX(MA_Num_S2G,RIGHT(INT(G55/LKS),2))&LKW)&IF(VALUE(RIGHT(INT(G55/HZR),2))=0,"",INDEX(MA_Num_S2G,RIGHT(INT(G55/HZR),2))&HZW)&IF(RIGHT(G55,3)="100",STK,IF(VALUE(RIGHT(INT(G55/100),1))=0,"",INDEX(MA_Num_S2G,RIGHT(INT(G55/100),1))&SHE))&IF(INT(RIGHT(G55,2))=0,"",INDEX(MA_Num_S2G,RIGHT(G55,2)))&IF(G55=0,ZRO,"")),"")
B56: =IF(Table15[[#This Row],[वार]]="","",ROW(50:50)) | C56: =IF(Table15[[#This Row],[दिनांक]]="","",TEXT(Table15[[#This Row],[दिनांक]],"ddd")) | H56: =IFERROR(IF(LEN(G56)>11,LMT,IF(VALUE(RIGHT(INT(G56/ABJ),2))=0,"",INDEX(MA_Num_S2G,RIGHT(INT(G56/ABJ),2)) &ABW)&IF(VALUE(RIGHT(INT(G56/KTI),2))=0,"",INDEX(MA_Num_S2G,RIGHT(INT(G56/KTI),2))&KTW)&IF(VALUE(RIGHT(INT(G56/LKS),2))=0,"",INDEX(MA_Num_S2G,RIGHT(INT(G56/LKS),2))&LKW)&IF(VALUE(RIGHT(INT(G56/HZR),2))=0,"",INDEX(MA_Num_S2G,RIGHT(INT(G56/HZR),2))&HZW)&IF(RIGHT(G56,3)="100",STK,IF(VALUE(RIGHT(INT(G56/100),1))=0,"",INDEX(MA_Num_S2G,RIGHT(INT(G56/100),1))&SHE))&IF(INT(RIGHT(G56,2))=0,"",INDEX(MA_Num_S2G,RIGHT(G56,2)))&IF(G56=0,ZRO,"")),"")
B57: =IF(Table15[[#This Row],[वार]]="","",ROW(51:51)) | C57: =IF(Table15[[#This Row],[दिनांक]]="","",TEXT(Table15[[#This Row],[दिनांक]],"ddd")) | H57: =IFERROR(IF(LEN(G57)>11,LMT,IF(VALUE(RIGHT(INT(G57/ABJ),2))=0,"",INDEX(MA_Num_S2G,RIGHT(INT(G57/ABJ),2)) &ABW)&IF(VALUE(RIGHT(INT(G57/KTI),2))=0,"",INDEX(MA_Num_S2G,RIGHT(INT(G57/KTI),2))&KTW)&IF(VALUE(RIGHT(INT(G57/LKS),2))=0,"",INDEX(MA_Num_S2G,RIGHT(INT(G57/LKS),2))&LKW)&IF(VALUE(RIGHT(INT(G57/HZR),2))=0,"",INDEX(MA_Num_S2G,RIGHT(INT(G57/HZR),2))&HZW)&IF(RIGHT(G57,3)="100",STK,IF(VALUE(RIGHT(INT(G57/100),1))=0,"",INDEX(MA_Num_S2G,RIGHT(INT(G57/100),1))&SHE))&IF(INT(RIGHT(G57,2))=0,"",INDEX(MA_Num_S2G,RIGHT(G57,2)))&IF(G57=0,ZRO,"")),"")
B58: =IF(Table15[[#This Row],[वार]]="","",ROW(52:52)) | C58: =IF(Table15[[#This Row],[दिनांक]]="","",TEXT(Table15[[#This Row],[दिनांक]],"ddd")) | H58: =IFERROR(IF(LEN(G58)>11,LMT,IF(VALUE(RIGHT(INT(G58/ABJ),2))=0,"",INDEX(MA_Num_S2G,RIGHT(INT(G58/ABJ),2)) &ABW)&IF(VALUE(RIGHT(INT(G58/KTI),2))=0,"",INDEX(MA_Num_S2G,RIGHT(INT(G58/KTI),2))&KTW)&IF(VALUE(RIGHT(INT(G58/LKS),2))=0,"",INDEX(MA_Num_S2G,RIGHT(INT(G58/LKS),2))&LKW)&IF(VALUE(RIGHT(INT(G58/HZR),2))=0,"",INDEX(MA_Num_S2G,RIGHT(INT(G58/HZR),2))&HZW)&IF(RIGHT(G58,3)="100",STK,IF(VALUE(RIGHT(INT(G58/100),1))=0,"",INDEX(MA_Num_S2G,RIGHT(INT(G58/100),1))&SHE))&IF(INT(RIGHT(G58,2))=0,"",INDEX(MA_Num_S2G,RIGHT(G58,2)))&IF(G58=0,ZRO,"")),"")
B59: =IF(Table15[[#This Row],[वार]]="","",ROW(53:53)) | C59: =IF(Table15[[#This Row],[दिनांक]]="","",TEXT(Table15[[#This Row],[दिनांक]],"ddd")) | H59: =IFERROR(IF(LEN(G59)>11,LMT,IF(VALUE(RIGHT(INT(G59/ABJ),2))=0,"",INDEX(MA_Num_S2G,RIGHT(INT(G59/ABJ),2)) &ABW)&IF(VALUE(RIGHT(INT(G59/KTI),2))=0,"",INDEX(MA_Num_S2G,RIGHT(INT(G59/KTI),2))&KTW)&IF(VALUE(RIGHT(INT(G59/LKS),2))=0,"",INDEX(MA_Num_S2G,RIGHT(INT(G59/LKS),2))&LKW)&IF(VALUE(RIGHT(INT(G59/HZR),2))=0,"",INDEX(MA_Num_S2G,RIGHT(INT(G59/HZR),2))&HZW)&IF(RIGHT(G59,3)="100",STK,IF(VALUE(RIGHT(INT(G59/100),1))=0,"",INDEX(MA_Num_S2G,RIGHT(INT(G59/100),1))&SHE))&IF(INT(RIGHT(G59,2))=0,"",INDEX(MA_Num_S2G,RIGHT(G59,2)))&IF(G59=0,ZRO,"")),"")
B60: =IF(Table15[[#This Row],[वार]]="","",ROW(54:54)) | C60: =IF(Table15[[#This Row],[दिनांक]]="","",TEXT(Table15[[#This Row],[दिनांक]],"ddd")) | H60: =IFERROR(IF(LEN(G60)>11,LMT,IF(VALUE(RIGHT(INT(G60/ABJ),2))=0,"",INDEX(MA_Num_S2G,RIGHT(INT(G60/ABJ),2)) &ABW)&IF(VALUE(RIGHT(INT(G60/KTI),2))=0,"",INDEX(MA_Num_S2G,RIGHT(INT(G60/KTI),2))&KTW)&IF(VALUE(RIGHT(INT(G60/LKS),2))=0,"",INDEX(MA_Num_S2G,RIGHT(INT(G60/LKS),2))&LKW)&IF(VALUE(RIGHT(INT(G60/HZR),2))=0,"",INDEX(MA_Num_S2G,RIGHT(INT(G60/HZR),2))&HZW)&IF(RIGHT(G60,3)="100",STK,IF(VALUE(RIGHT(INT(G60/100),1))=0,"",INDEX(MA_Num_S2G,RIGHT(INT(G60/100),1))&SHE))&IF(INT(RIGHT(G60,2))=0,"",INDEX(MA_Num_S2G,RIGHT(G60,2)))&IF(G60=0,ZRO,"")),"")
B61: =IF(Table15[[#This Row],[वार]]="","",ROW(55:55)) | C61: =IF(Table15[[#This Row],[दिनांक]]="","",TEXT(Table15[[#This Row],[दिनांक]],"ddd")) | H61: =IFERROR(IF(LEN(G61)>11,LMT,IF(VALUE(RIGHT(INT(G61/ABJ),2))=0,"",INDEX(MA_Num_S2G,RIGHT(INT(G61/ABJ),2)) &ABW)&IF(VALUE(RIGHT(INT(G61/KTI),2))=0,"",INDEX(MA_Num_S2G,RIGHT(INT(G61/KTI),2))&KTW)&IF(VALUE(RIGHT(INT(G61/LKS),2))=0,"",INDEX(MA_Num_S2G,RIGHT(INT(G61/LKS),2))&LKW)&IF(VALUE(RIGHT(INT(G61/HZR),2))=0,"",INDEX(MA_Num_S2G,RIGHT(INT(G61/HZR),2))&HZW)&IF(RIGHT(G61,3)="100",STK,IF(VALUE(RIGHT(INT(G61/100),1))=0,"",INDEX(MA_Num_S2G,RIGHT(INT(G61/100),1))&SHE))&IF(INT(RIGHT(G61,2))=0,"",INDEX(MA_Num_S2G,RIGHT(G61,2)))&IF(G61=0,ZRO,"")),"")
B62: =IF(Table15[[#This Row],[वार]]="","",ROW(56:56)) | C62: =IF(Table15[[#This Row],[दिनांक]]="","",TEXT(Table15[[#This Row],[दिनांक]],"ddd")) | H62: =IFERROR(IF(LEN(G62)>11,LMT,IF(VALUE(RIGHT(INT(G62/ABJ),2))=0,"",INDEX(MA_Num_S2G,RIGHT(INT(G62/ABJ),2)) &ABW)&IF(VALUE(RIGHT(INT(G62/KTI),2))=0,"",INDEX(MA_Num_S2G,RIGHT(INT(G62/KTI),2))&KTW)&IF(VALUE(RIGHT(INT(G62/LKS),2))=0,"",INDEX(MA_Num_S2G,RIGHT(INT(G62/LKS),2))&LKW)&IF(VALUE(RIGHT(INT(G62/HZR),2))=0,"",INDEX(MA_Num_S2G,RIGHT(INT(G62/HZR),2))&HZW)&IF(RIGHT(G62,3)="100",STK,IF(VALUE(RIGHT(INT(G62/100),1))=0,"",INDEX(MA_Num_S2G,RIGHT(INT(G62/100),1))&SHE))&IF(INT(RIGHT(G62,2))=0,"",INDEX(MA_Num_S2G,RIGHT(G62,2)))&IF(G62=0,ZRO,"")),"")
B63: =IF(Table15[[#This Row],[वार]]="","",ROW(57:57)) | C63: =IF(Table15[[#This Row],[दिनांक]]="","",TEXT(Table15[[#This Row],[दिनांक]],"ddd")) | H63: =IFERROR(IF(LEN(G63)>11,LMT,IF(VALUE(RIGHT(INT(G63/ABJ),2))=0,"",INDEX(MA_Num_S2G,RIGHT(INT(G63/ABJ),2)) &ABW)&IF(VALUE(RIGHT(INT(G63/KTI),2))=0,"",INDEX(MA_Num_S2G,RIGHT(INT(G63/KTI),2))&KTW)&IF(VALUE(RIGHT(INT(G63/LKS),2))=0,"",INDEX(MA_Num_S2G,RIGHT(INT(G63/LKS),2))&LKW)&IF(VALUE(RIGHT(INT(G63/HZR),2))=0,"",INDEX(MA_Num_S2G,RIGHT(INT(G63/HZR),2))&HZW)&IF(RIGHT(G63,3)="100",STK,IF(VALUE(RIGHT(INT(G63/100),1))=0,"",INDEX(MA_Num_S2G,RIGHT(INT(G63/100),1))&SHE))&IF(INT(RIGHT(G63,2))=0,"",INDEX(MA_Num_S2G,RIGHT(G63,2)))&IF(G63=0,ZRO,"")),"")
B64: =IF(Table15[[#This Row],[वार]]="","",ROW(58:58)) | C64: =IF(Table15[[#This Row],[दिनांक]]="","",TEXT(Table15[[#This Row],[दिनांक]],"ddd")) | H64: =IFERROR(IF(LEN(G64)>11,LMT,IF(VALUE(RIGHT(INT(G64/ABJ),2))=0,"",INDEX(MA_Num_S2G,RIGHT(INT(G64/ABJ),2)) &ABW)&IF(VALUE(RIGHT(INT(G64/KTI),2))=0,"",INDEX(MA_Num_S2G,RIGHT(INT(G64/KTI),2))&KTW)&IF(VALUE(RIGHT(INT(G64/LKS),2))=0,"",INDEX(MA_Num_S2G,RIGHT(INT(G64/LKS),2))&LKW)&IF(VALUE(RIGHT(INT(G64/HZR),2))=0,"",INDEX(MA_Num_S2G,RIGHT(INT(G64/HZR),2))&HZW)&IF(RIGHT(G64,3)="100",STK,IF(VALUE(RIGHT(INT(G64/100),1))=0,"",INDEX(MA_Num_S2G,RIGHT(INT(G64/100),1))&SHE))&IF(INT(RIGHT(G64,2))=0,"",INDEX(MA_Num_S2G,RIGHT(G64,2)))&IF(G64=0,ZRO,"")),"")
B65: =IF(Table15[[#This Row],[वार]]="","",ROW(59:59)) | C65: =IF(Table15[[#This Row],[दिनांक]]="","",TEXT(Table15[[#This Row],[दिनांक]],"ddd")) | H65: =IFERROR(IF(LEN(G65)>11,LMT,IF(VALUE(RIGHT(INT(G65/ABJ),2))=0,"",INDEX(MA_Num_S2G,RIGHT(INT(G65/ABJ),2)) &ABW)&IF(VALUE(RIGHT(INT(G65/KTI),2))=0,"",INDEX(MA_Num_S2G,RIGHT(INT(G65/KTI),2))&KTW)&IF(VALUE(RIGHT(INT(G65/LKS),2))=0,"",INDEX(MA_Num_S2G,RIGHT(INT(G65/LKS),2))&LKW)&IF(VALUE(RIGHT(INT(G65/HZR),2))=0,"",INDEX(MA_Num_S2G,RIGHT(INT(G65/HZR),2))&HZW)&IF(RIGHT(G65,3)="100",STK,IF(VALUE(RIGHT(INT(G65/100),1))=0,"",INDEX(MA_Num_S2G,RIGHT(INT(G65/100),1))&SHE))&IF(INT(RIGHT(G65,2))=0,"",INDEX(MA_Num_S2G,RIGHT(G65,2)))&IF(G65=0,ZRO,"")),"")
B66: =IF(Table15[[#This Row],[वार]]="","",ROW(60:60)) | C66: =IF(Table15[[#This Row],[दिनांक]]="","",TEXT(Table15[[#This Row],[दिनांक]],"ddd")) | H66: =IFERROR(IF(LEN(G66)>11,LMT,IF(VALUE(RIGHT(INT(G66/ABJ),2))=0,"",INDEX(MA_Num_S2G,RIGHT(INT(G66/ABJ),2)) &ABW)&IF(VALUE(RIGHT(INT(G66/KTI),2))=0,"",INDEX(MA_Num_S2G,RIGHT(INT(G66/KTI),2))&KTW)&IF(VALUE(RIGHT(INT(G66/LKS),2))=0,"",INDEX(MA_Num_S2G,RIGHT(INT(G66/LKS),2))&LKW)&IF(VALUE(RIGHT(INT(G66/HZR),2))=0,"",INDEX(MA_Num_S2G,RIGHT(INT(G66/HZR),2))&HZW)&IF(RIGHT(G66,3)="100",STK,IF(VALUE(RIGHT(INT(G66/100),1))=0,"",INDEX(MA_Num_S2G,RIGHT(INT(G66/100),1))&SHE))&IF(INT(RIGHT(G66,2))=0,"",INDEX(MA_Num_S2G,RIGHT(G66,2)))&IF(G66=0,ZRO,"")),"")
B67: =IF(Table15[[#This Row],[वार]]="","",ROW(61:61)) | C67: =IF(Table15[[#This Row],[दिनांक]]="","",TEXT(Table15[[#This Row],[दिनांक]],"ddd")) | H67: =IFERROR(IF(LEN(G67)>11,LMT,IF(VALUE(RIGHT(INT(G67/ABJ),2))=0,"",INDEX(MA_Num_S2G,RIGHT(INT(G67/ABJ),2)) &ABW)&IF(VALUE(RIGHT(INT(G67/KTI),2))=0,"",INDEX(MA_Num_S2G,RIGHT(INT(G67/KTI),2))&KTW)&IF(VALUE(RIGHT(INT(G67/LKS),2))=0,"",INDEX(MA_Num_S2G,RIGHT(INT(G67/LKS),2))&LKW)&IF(VALUE(RIGHT(INT(G67/HZR),2))=0,"",INDEX(MA_Num_S2G,RIGHT(INT(G67/HZR),2))&HZW)&IF(RIGHT(G67,3)="100",STK,IF(VALUE(RIGHT(INT(G67/100),1))=0,"",INDEX(MA_Num_S2G,RIGHT(INT(G67/100),1))&SHE))&IF(INT(RIGHT(G67,2))=0,"",INDEX(MA_Num_S2G,RIGHT(G67,2)))&IF(G67=0,ZRO,"")),"")
B68: =IF(Table15[[#This Row],[वार]]="","",ROW(62:62)) | C68: =IF(Table15[[#This Row],[दिनांक]]="","",TEXT(Table15[[#This Row],[दिनांक]],"ddd")) | H68: =IFERROR(IF(LEN(G68)>11,LMT,IF(VALUE(RIGHT(INT(G68/ABJ),2))=0,"",INDEX(MA_Num_S2G,RIGHT(INT(G68/ABJ),2)) &ABW)&IF(VALUE(RIGHT(INT(G68/KTI),2))=0,"",INDEX(MA_Num_S2G,RIGHT(INT(G68/KTI),2))&KTW)&IF(VALUE(RIGHT(INT(G68/LKS),2))=0,"",INDEX(MA_Num_S2G,RIGHT(INT(G68/LKS),2))&LKW)&IF(VALUE(RIGHT(INT(G68/HZR),2))=0,"",INDEX(MA_Num_S2G,RIGHT(INT(G68/HZR),2))&HZW)&IF(RIGHT(G68,3)="100",STK,IF(VALUE(RIGHT(INT(G68/100),1))=0,"",INDEX(MA_Num_S2G,RIGHT(INT(G68/100),1))&SHE))&IF(INT(RIGHT(G68,2))=0,"",INDEX(MA_Num_S2G,RIGHT(G68,2)))&IF(G68=0,ZRO,"")),"")
B69: =IF(Table15[[#This Row],[वार]]="","",ROW(63:63)) | C69: =IF(Table15[[#This Row],[दिनांक]]="","",TEXT(Table15[[#This Row],[दिनांक]],"ddd")) | H69: =IFERROR(IF(LEN(G69)>11,LMT,IF(VALUE(RIGHT(INT(G69/ABJ),2))=0,"",INDEX(MA_Num_S2G,RIGHT(INT(G69/ABJ),2)) &ABW)&IF(VALUE(RIGHT(INT(G69/KTI),2))=0,"",INDEX(MA_Num_S2G,RIGHT(INT(G69/KTI),2))&KTW)&IF(VALUE(RIGHT(INT(G69/LKS),2))=0,"",INDEX(MA_Num_S2G,RIGHT(INT(G69/LKS),2))&LKW)&IF(VALUE(RIGHT(INT(G69/HZR),2))=0,"",INDEX(MA_Num_S2G,RIGHT(INT(G69/HZR),2))&HZW)&IF(RIGHT(G69,3)="100",STK,IF(VALUE(RIGHT(INT(G69/100),1))=0,"",INDEX(MA_Num_S2G,RIGHT(INT(G69/100),1))&SHE))&IF(INT(RIGHT(G69,2))=0,"",INDEX(MA_Num_S2G,RIGHT(G69,2)))&IF(G69=0,ZRO,"")),"")
B70: =IF(Table15[[#This Row],[वार]]="","",ROW(64:64)) | C70: =IF(Table15[[#This Row],[दिनांक]]="","",TEXT(Table15[[#This Row],[दिनांक]],"ddd")) | H70: =IFERROR(IF(LEN(G70)>11,LMT,IF(VALUE(RIGHT(INT(G70/ABJ),2))=0,"",INDEX(MA_Num_S2G,RIGHT(INT(G70/ABJ),2)) &ABW)&IF(VALUE(RIGHT(INT(G70/KTI),2))=0,"",INDEX(MA_Num_S2G,RIGHT(INT(G70/KTI),2))&KTW)&IF(VALUE(RIGHT(INT(G70/LKS),2))=0,"",INDEX(MA_Num_S2G,RIGHT(INT(G70/LKS),2))&LKW)&IF(VALUE(RIGHT(INT(G70/HZR),2))=0,"",INDEX(MA_Num_S2G,RIGHT(INT(G70/HZR),2))&HZW)&IF(RIGHT(G70,3)="100",STK,IF(VALUE(RIGHT(INT(G70/100),1))=0,"",INDEX(MA_Num_S2G,RIGHT(INT(G70/100),1))&SHE))&IF(INT(RIGHT(G70,2))=0,"",INDEX(MA_Num_S2G,RIGHT(G70,2)))&IF(G70=0,ZRO,"")),"")
B71: =IF(Table15[[#This Row],[वार]]="","",ROW(65:65)) | C71: =IF(Table15[[#This Row],[दिनांक]]="","",TEXT(Table15[[#This Row],[दिनांक]],"ddd")) | H71: =IFERROR(IF(LEN(G71)>11,LMT,IF(VALUE(RIGHT(INT(G71/ABJ),2))=0,"",INDEX(MA_Num_S2G,RIGHT(INT(G71/ABJ),2)) &ABW)&IF(VALUE(RIGHT(INT(G71/KTI),2))=0,"",INDEX(MA_Num_S2G,RIGHT(INT(G71/KTI),2))&KTW)&IF(VALUE(RIGHT(INT(G71/LKS),2))=0,"",INDEX(MA_Num_S2G,RIGHT(INT(G71/LKS),2))&LKW)&IF(VALUE(RIGHT(INT(G71/HZR),2))=0,"",INDEX(MA_Num_S2G,RIGHT(INT(G71/HZR),2))&HZW)&IF(RIGHT(G71,3)="100",STK,IF(VALUE(RIGHT(INT(G71/100),1))=0,"",INDEX(MA_Num_S2G,RIGHT(INT(G71/100),1))&SHE))&IF(INT(RIGHT(G71,2))=0,"",INDEX(MA_Num_S2G,RIGHT(G71,2)))&IF(G71=0,ZRO,"")),"")
B72: =IF(Table15[[#This Row],[वार]]="","",ROW(66:66)) | C72: =IF(Table15[[#This Row],[दिनांक]]="","",TEXT(Table15[[#This Row],[दिनांक]],"ddd")) | H72: =IFERROR(IF(LEN(G72)>11,LMT,IF(VALUE(RIGHT(INT(G72/ABJ),2))=0,"",INDEX(MA_Num_S2G,RIGHT(INT(G72/ABJ),2)) &ABW)&IF(VALUE(RIGHT(INT(G72/KTI),2))=0,"",INDEX(MA_Num_S2G,RIGHT(INT(G72/KTI),2))&KTW)&IF(VALUE(RIGHT(INT(G72/LKS),2))=0,"",INDEX(MA_Num_S2G,RIGHT(INT(G72/LKS),2))&LKW)&IF(VALUE(RIGHT(INT(G72/HZR),2))=0,"",INDEX(MA_Num_S2G,RIGHT(INT(G72/HZR),2))&HZW)&IF(RIGHT(G72,3)="100",STK,IF(VALUE(RIGHT(INT(G72/100),1))=0,"",INDEX(MA_Num_S2G,RIGHT(INT(G72/100),1))&SHE))&IF(INT(RIGHT(G72,2))=0,"",INDEX(MA_Num_S2G,RIGHT(G72,2)))&IF(G72=0,ZRO,"")),"")
B73: =IF(Table15[[#This Row],[वार]]="","",ROW(67:67)) | C73: =IF(Table15[[#This Row],[दिनांक]]="","",TEXT(Table15[[#This Row],[दिनांक]],"ddd")) | H73: =IFERROR(IF(LEN(G73)>11,LMT,IF(VALUE(RIGHT(INT(G73/ABJ),2))=0,"",INDEX(MA_Num_S2G,RIGHT(INT(G73/ABJ),2)) &ABW)&IF(VALUE(RIGHT(INT(G73/KTI),2))=0,"",INDEX(MA_Num_S2G,RIGHT(INT(G73/KTI),2))&KTW)&IF(VALUE(RIGHT(INT(G73/LKS),2))=0,"",INDEX(MA_Num_S2G,RIGHT(INT(G73/LKS),2))&LKW)&IF(VALUE(RIGHT(INT(G73/HZR),2))=0,"",INDEX(MA_Num_S2G,RIGHT(INT(G73/HZR),2))&HZW)&IF(RIGHT(G73,3)="100",STK,IF(VALUE(RIGHT(INT(G73/100),1))=0,"",INDEX(MA_Num_S2G,RIGHT(INT(G73/100),1))&SHE))&IF(INT(RIGHT(G73,2))=0,"",INDEX(MA_Num_S2G,RIGHT(G73,2)))&IF(G73=0,ZRO,"")),"")
B74: =IF(Table15[[#This Row],[वार]]="","",ROW(68:68)) | C74: =IF(Table15[[#This Row],[दिनांक]]="","",TEXT(Table15[[#This Row],[दिनांक]],"ddd")) | H74: =IFERROR(IF(LEN(G74)>11,LMT,IF(VALUE(RIGHT(INT(G74/ABJ),2))=0,"",INDEX(MA_Num_S2G,RIGHT(INT(G74/ABJ),2)) &ABW)&IF(VALUE(RIGHT(INT(G74/KTI),2))=0,"",INDEX(MA_Num_S2G,RIGHT(INT(G74/KTI),2))&KTW)&IF(VALUE(RIGHT(INT(G74/LKS),2))=0,"",INDEX(MA_Num_S2G,RIGHT(INT(G74/LKS),2))&LKW)&IF(VALUE(RIGHT(INT(G74/HZR),2))=0,"",INDEX(MA_Num_S2G,RIGHT(INT(G74/HZR),2))&HZW)&IF(RIGHT(G74,3)="100",STK,IF(VALUE(RIGHT(INT(G74/100),1))=0,"",INDEX(MA_Num_S2G,RIGHT(INT(G74/100),1))&SHE))&IF(INT(RIGHT(G74,2))=0,"",INDEX(MA_Num_S2G,RIGHT(G74,2)))&IF(G74=0,ZRO,"")),"")
B75: =IF(Table15[[#This Row],[वार]]="","",ROW(69:69)) | C75: =IF(Table15[[#This Row],[दिनांक]]="","",TEXT(Table15[[#This Row],[दिनांक]],"ddd")) | H75: =IFERROR(IF(LEN(G75)>11,LMT,IF(VALUE(RIGHT(INT(G75/ABJ),2))=0,"",INDEX(MA_Num_S2G,RIGHT(INT(G75/ABJ),2)) &ABW)&IF(VALUE(RIGHT(INT(G75/KTI),2))=0,"",INDEX(MA_Num_S2G,RIGHT(INT(G75/KTI),2))&KTW)&IF(VALUE(RIGHT(INT(G75/LKS),2))=0,"",INDEX(MA_Num_S2G,RIGHT(INT(G75/LKS),2))&LKW)&IF(VALUE(RIGHT(INT(G75/HZR),2))=0,"",INDEX(MA_Num_S2G,RIGHT(INT(G75/HZR),2))&HZW)&IF(RIGHT(G75,3)="100",STK,IF(VALUE(RIGHT(INT(G75/100),1))=0,"",INDEX(MA_Num_S2G,RIGHT(INT(G75/100),1))&SHE))&IF(INT(RIGHT(G75,2))=0,"",INDEX(MA_Num_S2G,RIGHT(G75,2)))&IF(G75=0,ZRO,"")),"")
B76: =IF(Table15[[#This Row],[वार]]="","",ROW(70:70)) | C76: =IF(Table15[[#This Row],[दिनांक]]="","",TEXT(Table15[[#This Row],[दिनांक]],"ddd")) | H76: =IFERROR(IF(LEN(G76)>11,LMT,IF(VALUE(RIGHT(INT(G76/ABJ),2))=0,"",INDEX(MA_Num_S2G,RIGHT(INT(G76/ABJ),2)) &ABW)&IF(VALUE(RIGHT(INT(G76/KTI),2))=0,"",INDEX(MA_Num_S2G,RIGHT(INT(G76/KTI),2))&KTW)&IF(VALUE(RIGHT(INT(G76/LKS),2))=0,"",INDEX(MA_Num_S2G,RIGHT(INT(G76/LKS),2))&LKW)&IF(VALUE(RIGHT(INT(G76/HZR),2))=0,"",INDEX(MA_Num_S2G,RIGHT(INT(G76/HZR),2))&HZW)&IF(RIGHT(G76,3)="100",STK,IF(VALUE(RIGHT(INT(G76/100),1))=0,"",INDEX(MA_Num_S2G,RIGHT(INT(G76/100),1))&SHE))&IF(INT(RIGHT(G76,2))=0,"",INDEX(MA_Num_S2G,RIGHT(G76,2)))&IF(G76=0,ZRO,"")),"")
B77: =IF(Table15[[#This Row],[वार]]="","",ROW(71:71)) | C77: =IF(Table15[[#This Row],[दिनांक]]="","",TEXT(Table15[[#This Row],[दिनांक]],"ddd")) | H77: =IFERROR(IF(LEN(G77)>11,LMT,IF(VALUE(RIGHT(INT(G77/ABJ),2))=0,"",INDEX(MA_Num_S2G,RIGHT(INT(G77/ABJ),2)) &ABW)&IF(VALUE(RIGHT(INT(G77/KTI),2))=0,"",INDEX(MA_Num_S2G,RIGHT(INT(G77/KTI),2))&KTW)&IF(VALUE(RIGHT(INT(G77/LKS),2))=0,"",INDEX(MA_Num_S2G,RIGHT(INT(G77/LKS),2))&LKW)&IF(VALUE(RIGHT(INT(G77/HZR),2))=0,"",INDEX(MA_Num_S2G,RIGHT(INT(G77/HZR),2))&HZW)&IF(RIGHT(G77,3)="100",STK,IF(VALUE(RIGHT(INT(G77/100),1))=0,"",INDEX(MA_Num_S2G,RIGHT(INT(G77/100),1))&SHE))&IF(INT(RIGHT(G77,2))=0,"",INDEX(MA_Num_S2G,RIGHT(G77,2)))&IF(G77=0,ZRO,"")),"")
B78: =IF(Table15[[#This Row],[वार]]="","",ROW(72:72)) | C78: =IF(Table15[[#This Row],[दिनांक]]="","",TEXT(Table15[[#This Row],[दिनांक]],"ddd")) | H78: =IFERROR(IF(LEN(G78)>11,LMT,IF(VALUE(RIGHT(INT(G78/ABJ),2))=0,"",INDEX(MA_Num_S2G,RIGHT(INT(G78/ABJ),2)) &ABW)&IF(VALUE(RIGHT(INT(G78/KTI),2))=0,"",INDEX(MA_Num_S2G,RIGHT(INT(G78/KTI),2))&KTW)&IF(VALUE(RIGHT(INT(G78/LKS),2))=0,"",INDEX(MA_Num_S2G,RIGHT(INT(G78/LKS),2))&LKW)&IF(VALUE(RIGHT(INT(G78/HZR),2))=0,"",INDEX(MA_Num_S2G,RIGHT(INT(G78/HZR),2))&HZW)&IF(RIGHT(G78,3)="100",STK,IF(VALUE(RIGHT(INT(G78/100),1))=0,"",INDEX(MA_Num_S2G,RIGHT(INT(G78/100),1))&SHE))&IF(INT(RIGHT(G78,2))=0,"",INDEX(MA_Num_S2G,RIGHT(G78,2)))&IF(G78=0,ZRO,"")),"")
B79: =IF(Table15[[#This Row],[वार]]="","",ROW(73:73)) | C79: =IF(Table15[[#This Row],[दिनांक]]="","",TEXT(Table15[[#This Row],[दिनांक]],"ddd")) | H79: =IFERROR(IF(LEN(G79)>11,LMT,IF(VALUE(RIGHT(INT(G79/ABJ),2))=0,"",INDEX(MA_Num_S2G,RIGHT(INT(G79/ABJ),2)) &ABW)&IF(VALUE(RIGHT(INT(G79/KTI),2))=0,"",INDEX(MA_Num_S2G,RIGHT(INT(G79/KTI),2))&KTW)&IF(VALUE(RIGHT(INT(G79/LKS),2))=0,"",INDEX(MA_Num_S2G,RIGHT(INT(G79/LKS),2))&LKW)&IF(VALUE(RIGHT(INT(G79/HZR),2))=0,"",INDEX(MA_Num_S2G,RIGHT(INT(G79/HZR),2))&HZW)&IF(RIGHT(G79,3)="100",STK,IF(VALUE(RIGHT(INT(G79/100),1))=0,"",INDEX(MA_Num_S2G,RIGHT(INT(G79/100),1))&SHE))&IF(INT(RIGHT(G79,2))=0,"",INDEX(MA_Num_S2G,RIGHT(G79,2)))&IF(G79=0,ZRO,"")),"")
B80: =IF(Table15[[#This Row],[वार]]="","",ROW(74:74)) | C80: =IF(Table15[[#This Row],[दिनांक]]="","",TEXT(Table15[[#This Row],[दिनांक]],"ddd")) | H80: =IFERROR(IF(LEN(G80)>11,LMT,IF(VALUE(RIGHT(INT(G80/ABJ),2))=0,"",INDEX(MA_Num_S2G,RIGHT(INT(G80/ABJ),2)) &ABW)&IF(VALUE(RIGHT(INT(G80/KTI),2))=0,"",INDEX(MA_Num_S2G,RIGHT(INT(G80/KTI),2))&KTW)&IF(VALUE(RIGHT(INT(G80/LKS),2))=0,"",INDEX(MA_Num_S2G,RIGHT(INT(G80/LKS),2))&LKW)&IF(VALUE(RIGHT(INT(G80/HZR),2))=0,"",INDEX(MA_Num_S2G,RIGHT(INT(G80/HZR),2))&HZW)&IF(RIGHT(G80,3)="100",STK,IF(VALUE(RIGHT(INT(G80/100),1))=0,"",INDEX(MA_Num_S2G,RIGHT(INT(G80/100),1))&SHE))&IF(INT(RIGHT(G80,2))=0,"",INDEX(MA_Num_S2G,RIGHT(G80,2)))&IF(G80=0,ZRO,"")),"")
B81: =IF(Table15[[#This Row],[वार]]="","",ROW(75:75)) | C81: =IF(Table15[[#This Row],[दिनांक]]="","",TEXT(Table15[[#This Row],[दिनांक]],"ddd")) | H81: =IFERROR(IF(LEN(G81)>11,LMT,IF(VALUE(RIGHT(INT(G81/ABJ),2))=0,"",INDEX(MA_Num_S2G,RIGHT(INT(G81/ABJ),2)) &ABW)&IF(VALUE(RIGHT(INT(G81/KTI),2))=0,"",INDEX(MA_Num_S2G,RIGHT(INT(G81/KTI),2))&KTW)&IF(VALUE(RIGHT(INT(G81/LKS),2))=0,"",INDEX(MA_Num_S2G,RIGHT(INT(G81/LKS),2))&LKW)&IF(VALUE(RIGHT(INT(G81/HZR),2))=0,"",INDEX(MA_Num_S2G,RIGHT(INT(G81/HZR),2))&HZW)&IF(RIGHT(G81,3)="100",STK,IF(VALUE(RIGHT(INT(G81/100),1))=0,"",INDEX(MA_Num_S2G,RIGHT(INT(G81/100),1))&SHE))&IF(INT(RIGHT(G81,2))=0,"",INDEX(MA_Num_S2G,RIGHT(G81,2)))&IF(G81=0,ZRO,"")),"")
B82: =IF(Table15[[#This Row],[वार]]="","",ROW(76:76)) | C82: =IF(Table15[[#This Row],[दिनांक]]="","",TEXT(Table15[[#This Row],[दिनांक]],"ddd")) | H82: =IFERROR(IF(LEN(G82)>11,LMT,IF(VALUE(RIGHT(INT(G82/ABJ),2))=0,"",INDEX(MA_Num_S2G,RIGHT(INT(G82/ABJ),2)) &ABW)&IF(VALUE(RIGHT(INT(G82/KTI),2))=0,"",INDEX(MA_Num_S2G,RIGHT(INT(G82/KTI),2))&KTW)&IF(VALUE(RIGHT(INT(G82/LKS),2))=0,"",INDEX(MA_Num_S2G,RIGHT(INT(G82/LKS),2))&LKW)&IF(VALUE(RIGHT(INT(G82/HZR),2))=0,"",INDEX(MA_Num_S2G,RIGHT(INT(G82/HZR),2))&HZW)&IF(RIGHT(G82,3)="100",STK,IF(VALUE(RIGHT(INT(G82/100),1))=0,"",INDEX(MA_Num_S2G,RIGHT(INT(G82/100),1))&SHE))&IF(INT(RIGHT(G82,2))=0,"",INDEX(MA_Num_S2G,RIGHT(G82,2)))&IF(G82=0,ZRO,"")),"")
B83: =IF(Table15[[#This Row],[वार]]="","",ROW(77:77)) | C83: =IF(Table15[[#This Row],[दिनांक]]="","",TEXT(Table15[[#This Row],[दिनांक]],"ddd")) | H83: =IFERROR(IF(LEN(G83)>11,LMT,IF(VALUE(RIGHT(INT(G83/ABJ),2))=0,"",INDEX(MA_Num_S2G,RIGHT(INT(G83/ABJ),2)) &ABW)&IF(VALUE(RIGHT(INT(G83/KTI),2))=0,"",INDEX(MA_Num_S2G,RIGHT(INT(G83/KTI),2))&KTW)&IF(VALUE(RIGHT(INT(G83/LKS),2))=0,"",INDEX(MA_Num_S2G,RIGHT(INT(G83/LKS),2))&LKW)&IF(VALUE(RIGHT(INT(G83/HZR),2))=0,"",INDEX(MA_Num_S2G,RIGHT(INT(G83/HZR),2))&HZW)&IF(RIGHT(G83,3)="100",STK,IF(VALUE(RIGHT(INT(G83/100),1))=0,"",INDEX(MA_Num_S2G,RIGHT(INT(G83/100),1))&SHE))&IF(INT(RIGHT(G83,2))=0,"",INDEX(MA_Num_S2G,RIGHT(G83,2)))&IF(G83=0,ZRO,"")),"")
